,yearID,round,playerID,teamID,lgID,G,AB,R,H,2B,3B,HR,RBI,SB,CS,BB,SO,IBB,HBP,SH,SF,GIDP
12763,2015,ALDS1,altuvjo01,HOU,AL,5,22,2,3,0,0,0,1,0,1.0,1,2,0,0.0,0.0,0.0,1.0
12764,2015,ALWC,altuvjo01,HOU,AL,1,4,0,1,0,0,0,1,1,0.0,0,1,0,0.0,0.0,0.0,0.0
12766,2015,NLDS2,anderbr04,LAN,NL,1,1,0,0,0,0,0,0,0,0.0,0,1,0,0.0,0.0,0.0,0.0
12771,2015,NLDS2,avilalu01,LAN,NL,2,0,0,0,0,0,0,0,0,0.0,0,0,0,0.0,0.0,0.0,0.0
12774,2015,NLDS2,baezpe01,LAN,NL,2,0,0,0,0,0,0,0,0,0.0,0,0,0,0.0,0.0,0.0,0.0
12779,2015,ALWC,beltrca01,NYA,AL,1,4,0,1,0,0,0,0,0,0.0,0,2,0,0.0,0.0,0.0,0.0
12780,2015,ALWC,betande01,NYA,AL,1,0,0,0,0,0,0,0,0,0.0,0,0,0,0.0,0.0,0.0,0.0
12781,2015,ALWC,birdgr01,NYA,AL,1,3,0,1,0,0,0,0,0,0.0,0,1,0,0.0,0.0,0.0,0.0
12797,2015,ALDS1,cartech02,HOU,AL,5,17,3,5,1,0,1,1,0,0.0,0,7,0,0.0,0.0,0.0,0.0
12798,2015,ALWC,cartech02,HOU,AL,1,0,0,0,0,0,0,0,0,0.0,3,0,0,0.0,0.0,0.0,0.0
12799,2015,ALDS1,castrja01,HOU,AL,5,14,1,1,0,0,0,2,0,0.0,1,7,0,0.0,0.0,0.0,1.0
12800,2015,ALWC,castrja01,HOU,AL,1,2,0,0,0,0,0,0,0,0.0,1,1,0,0.0,0.0,0.0,1.0
12826,2015,ALDS1,congeha01,HOU,AL,1,0,0,0,0,0,0,0,0,0.0,0,0,0,0.0,0.0,0.0,0.0
12827,2015,ALDS1,correca01,HOU,AL,5,20,2,7,1,0,2,4,0,0.0,0,5,0,1.0,0.0,0.0,1.0
12828,2015,ALWC,correca01,HOU,AL,1,4,0,0,0,0,0,0,0,0.0,0,1,0,0.0,0.0,0.0,0.0
12829,2015,NLDS2,crawfca02,LAN,NL,4,12,1,1,0,0,0,0,1,0.0,0,3,0,0.0,0.0,0.0,1.0
12865,2015,NLDS2,ellisaj01,LAN,NL,3,8,0,2,0,0,0,0,0,0.0,0,2,0,0.0,0.0,0.0,0.0
12866,2015,ALWC,ellsbja01,NYA,AL,1,1,0,0,0,0,0,0,0,0.0,0,0,0,0.0,0.0,0.0,0.0
12874,2015,NLDS2,ethiean01,LAN,NL,5,16,1,4,1,0,0,2,0,0.0,2,4,0,0.0,0.0,0.0,0.0
12878,2015,ALDS1,fieldjo03,HOU,AL,2,0,0,0,0,0,0,0,0,0.0,0,0,0,0.0,0.0,0.0,0.0
12880,2015,ALDS1,fiersmi01,HOU,AL,1,0,0,0,0,0,0,0,0,0.0,0,0,0,0.0,0.0,0.0,0.0
12890,2015,NLDS2,garciyi01,LAN,NL,1,0,0,0,0,0,0,0,0,0.0,0,0,0,0.0,0.0,0.0,0.0
12891,2015,ALWC,gardnbr01,NYA,AL,1,4,0,0,0,0,0,0,0,0.0,0,3,0,0.0,0.0,0.0,0.0
12892,2015,ALDS1,gattiev01,HOU,AL,5,19,1,4,0,0,0,1,0,0.0,0,5,0,0.0,0.0,0.0,0.0
12893,2015,ALWC,gattiev01,HOU,AL,1,4,0,0,0,0,0,0,0,0.0,0,1,0,0.0,0.0,0.0,1.0
12899,2015,ALDS1,gomezca01,HOU,AL,5,12,1,3,0,0,1,2,0,0.0,0,4,0,0.0,0.0,0.0,0.0
12900,2015,ALWC,gomezca01,HOU,AL,1,3,1,1,0,0,1,1,0,0.0,0,0,0,0.0,0.0,0.0,0.0
12901,2015,NLDS2,gonzaad01,LAN,NL,5,19,4,6,1,0,1,5,0,0.0,2,9,0,0.0,0.0,0.0,0.0
12903,2015,ALDS1,gonzama01,HOU,AL,3,2,0,0,0,0,0,0,0,0.0,0,1,0,0.0,0.0,0.0,0.0
12904,2015,ALWC,gonzama01,HOU,AL,1,1,0,0,0,0,0,0,0,0.0,0,1,0,0.0,0.0,0.0,0.0
12913,2015,NLDS2,grandya01,LAN,NL,3,10,0,1,0,0,0,2,0,0.0,1,6,0,0.0,0.0,0.0,0.0
12914,2015,ALDS1,gregelu01,HOU,AL,3,0,0,0,0,0,0,0,0,0.0,0,0,0,0.0,0.0,0.0,0.0
12915,2015,ALWC,gregelu01,HOU,AL,1,0,0,0,0,0,0,0,0,0.0,0,0,0,0.0,0.0,0.0,0.0
12916,2015,ALWC,gregodi01,NYA,AL,1,3,0,1,0,0,0,0,0,0.0,0,0,0,0.0,0.0,0.0,0.0
12917,2015,NLDS2,greinza01,LAN,NL,2,3,0,0,0,0,0,0,0,0.0,0,1,0,0.0,2.0,0.0,0.0
12926,2015,ALDS1,harriwi02,HOU,AL,3,0,0,0,0,0,0,0,0,0.0,0,0,0,0.0,0.0,0.0,0.0
12927,2015,ALWC,harriwi02,HOU,AL,1,0,0,0,0,0,0,0,0,0.0,0,0,0,0.0,0.0,0.0,0.0
12931,2015,NLDS2,hatchch02,LAN,NL,4,0,0,0,0,0,0,0,0,0.0,0,0,0,0.0,0.0,0.0,0.0
12934,2015,ALWC,headlch01,NYA,AL,1,2,0,0,0,0,0,0,0,0.0,1,1,0,0.0,0.0,0.0,0.0
12939,2015,NLDS2,hernaen02,LAN,NL,4,13,3,4,0,0,0,0,1,0.0,2,4,1,0.0,0.0,0.0,1.0
12952,2015,NLDS2,howeljp01,LAN,NL,1,0,0,0,0,0,0,0,0,0.0,0,0,0,0.0,0.0,0.0,0.0
12956,2015,NLDS2,janseke01,LAN,NL,3,0,0,0,0,0,0,0,0,0.0,0,0,0,0.0,0.0,0.0,0.0
12961,2015,ALDS1,kazmisc01,HOU,AL,1,0,0,0,0,0,0,0,0,0.0,0,0,0,0.0,0.0,0.0,0.0
12963,2015,NLDS2,kendrho01,LAN,NL,5,22,4,6,1,0,1,4,0,0.0,0,2,0,0.0,0.0,0.0,1.0
12964,2015,NLDS2,kershcl01,LAN,NL,2,5,0,1,0,0,0,0,0,0.0,0,1,0,0.0,0.0,0.0,0.0
12965,2015,ALDS1,keuchda01,HOU,AL,2,0,0,0,0,0,0,0,0,0.0,0,0,0,0.0,0.0,0.0,0.0
12966,2015,ALWC,keuchda01,HOU,AL,1,0,0,0,0,0,0,0,0,0.0,0,0,0,0.0,0.0,0.0,0.0
12981,2015,ALDS1,lowrije01,HOU,AL,3,3,0,0,0,0,0,0,0,0.0,0,1,0,0.0,0.0,0.0,0.0
12982,2015,ALWC,lowrije01,HOU,AL,1,1,0,0,0,0,0,0,0,0.0,0,0,0,0.0,0.0,0.0,0.0
12988,2015,ALDS1,marisja01,HOU,AL,3,7,1,3,1,0,0,0,0,0.0,0,2,0,0.0,0.0,0.0,0.0
12989,2015,ALWC,marisja01,HOU,AL,1,0,0,0,0,0,0,0,0,0.0,0,0,0,0.0,0.0,0.0,0.0
12996,2015,ALWC,mccanbr01,NYA,AL,1,4,0,0,0,0,0,0,0,0.0,0,0,0,0.0,0.0,0.0,0.0
12997,2015,ALDS1,mcculla02,HOU,AL,1,0,0,0,0,0,0,0,0,0.0,0,0,0,0.0,0.0,0.0,0.0
12999,2015,ALDS1,mchugco01,HOU,AL,2,0,0,0,0,0,0,0,0,0.0,0,0,0,0.0,0.0,0.0,0.0
13004,2015,ALWC,millean01,NYA,AL,1,0,0,0,0,0,0,0,0,0.0,0,0,0,0.0,0.0,0.0,0.0
13027,2015,ALDS1,neshepa01,HOU,AL,2,0,0,0,0,0,0,0,0,0.0,0,0,0,0.0,0.0,0.0,0.0
13040,2015,NLDS2,pederjo01,LAN,NL,5,4,0,0,0,0,0,0,0,0.0,4,1,1,0.0,0.0,0.0,0.0
13044,2015,NLDS2,peraljo01,LAN,NL,1,0,0,0,0,0,0,0,0,0.0,0,0,0,0.0,0.0,0.0,0.0
13046,2015,ALDS1,perezol01,HOU,AL,2,0,0,0,0,0,0,0,0,0.0,0,0,0,0.0,0.0,0.0,0.0
13059,2015,NLDS2,puigya01,LAN,NL,3,6,0,0,0,0,0,0,0,0.0,0,3,0,0.0,0.0,0.0,0.0
13061,2015,ALDS1,rasmuco01,HOU,AL,5,14,3,6,1,0,3,5,1,0.0,6,6,2,0.0,0.0,0.0,0.0
13062,2015,ALWC,rasmuco01,HOU,AL,1,3,1,1,0,0,1,1,0,0.0,1,1,0,0.0,0.0,0.0,0.0
13066,2015,ALWC,refsnro01,NYA,AL,1,3,0,0,0,0,0,0,0,0.0,0,0,0,0.0,0.0,0.0,0.0
13082,2015,ALWC,rodrial01,NYA,AL,1,4,0,0,0,0,0,0,0,0.0,0,2,0,0.0,0.0,0.0,0.0
13084,2015,NLDS2,rolliji01,LAN,NL,4,7,0,1,0,0,0,0,0,0.0,0,2,0,0.0,0.0,0.0,1.0
13090,2015,NLDS2,ruggiju01,LAN,NL,3,4,0,0,0,0,0,0,0,0.0,0,3,0,0.0,0.0,0.0,0.0
13098,2015,NLDS2,seageco01,LAN,NL,5,16,2,3,1,0,0,0,0,0.0,1,8,0,0.0,0.0,0.0,0.0
13100,2015,ALDS1,sippto01,HOU,AL,5,0,0,0,0,0,0,0,0,0.0,0,0,0,0.0,0.0,0.0,0.0
13101,2015,ALWC,sippto01,HOU,AL,1,0,0,0,0,0,0,0,0,0.0,0,0,0,0.0,0.0,0.0,0.0
13108,2015,ALDS1,springe01,HOU,AL,5,19,5,4,1,0,1,3,0,0.0,3,10,0,0.0,0.0,0.0,0.0
13109,2015,ALWC,springe01,HOU,AL,1,4,0,1,1,0,0,0,0,0.0,0,1,0,0.0,0.0,0.0,0.0
13118,2015,ALWC,tanakma01,NYA,AL,1,0,0,0,0,0,0,0,0,0.0,0,0,0,0.0,0.0,0.0,0.0
13122,2015,ALDS1,tuckepr01,HOU,AL,3,2,0,0,0,0,0,0,0,0.0,1,2,0,0.0,0.0,0.0,0.0
13125,2015,NLDS2,turneju01,LAN,NL,5,19,2,10,6,0,0,4,1,0.0,1,3,1,0.0,0.0,0.0,0.0
13127,2015,NLDS2,utleych01,LAN,NL,3,3,1,1,0,0,0,0,0,0.0,0,1,0,0.0,0.0,0.0,0.0
13128,2015,ALDS1,valbulu01,HOU,AL,5,13,2,2,0,0,1,2,0,0.0,4,6,0,0.0,0.0,0.0,0.0
13129,2015,ALWC,valbulu01,HOU,AL,1,4,0,1,0,0,0,0,0,0.0,0,2,0,0.0,0.0,0.0,0.0
13135,2015,ALWC,villajo01,HOU,AL,1,0,1,0,0,0,0,0,1,0.0,0,0,0,0.0,0.0,0.0,0.0
13143,2015,ALWC,wilsoju10,NYA,AL,1,0,0,0,0,0,0,0,0,0.0,0,0,0,0.0,0.0,0.0,0.0
13145,2015,NLDS2,woodal02,LAN,NL,1,0,0,0,0,0,0,0,0,0.0,0,0,0,0.0,0.0,0.0,0.0
13154,2015,ALWC,youngch04,NYA,AL,1,2,0,0,0,0,0,0,0,0.0,1,1,0,0.0,0.0,0.0,0.0
13168,2016,NLCS,avilalu01,LAN,NL,2,0,0,0,0,0,0,0,0,0.0,0,0,0,0.0,0.0,0.0,0.0
13169,2016,NLDS2,avilalu01,LAN,NL,3,0,0,0,0,0,0,0,0,0.0,0,0,0,0.0,0.0,0.0,0.0
13173,2016,NLCS,baezpe01,LAN,NL,3,0,0,0,0,0,0,0,0,0.0,0,0,0,0.0,0.0,0.0,0.0
13174,2016,NLDS2,baezpe01,LAN,NL,4,0,0,0,0,0,0,0,0,0.0,0,0,0,0.0,0.0,0.0,0.0
13175,2016,NLDS2,barneau01,LAN,NL,2,1,1,0,0,0,0,0,0,0.0,0,1,0,0.0,0.0,0.0,0.0
13178,2016,ALDS2,barnema01,BOS,AL,1,0,0,0,0,0,0,0,0,0.0,0,0,0,0.0,0.0,0.0,0.0
13190,2016,ALDS2,beninan01,BOS,AL,3,9,1,3,1,0,1,2,0,0.0,0,1,0,0.0,0.0,0.0,1.0
13191,2016,ALDS2,bettsmo01,BOS,AL,3,10,1,2,1,0,0,0,0,0.0,2,1,0,0.0,0.0,0.0,1.0
13197,2016,NLCS,blantjo01,LAN,NL,3,0,0,0,0,0,0,0,0,0.0,0,0,0,0.0,0.0,0.0,0.0
13198,2016,NLDS2,blantjo01,LAN,NL,4,0,0,0,0,0,0,0,0,0.0,0,0,0,0.0,0.0,0.0,0.0
13199,2016,ALDS2,bogaexa01,BOS,AL,3,12,1,3,0,0,0,0,0,0.0,0,4,0,0.0,0.0,0.0,0.0
13202,2016,ALDS2,bradlja02,BOS,AL,3,10,0,1,0,0,0,0,0,0.0,0,7,0,1.0,0.0,0.0,0.0
13208,2016,ALDS2,buchhcl01,BOS,AL,1,0,0,0,0,0,0,0,0,0.0,0,0,0,0.0,0.0,0.0,0.0
13244,2016,NLDS2,culbech01,LAN,NL,4,7,0,0,0,0,0,0,0,0.0,0,2,0,0.0,0.0,0.0,0.0
13250,2016,NLCS,daytogr01,LAN,NL,3,0,0,0,0,0,0,0,0,0.0,0,0,0,0.0,0.0,0.0,0.0
13251,2016,NLDS2,daytogr01,LAN,NL,4,0,0,0,0,0,0,0,0,0.0,0,0,0,0.0,0.0,0.0,0.0
13270,2016,NLCS,ethiean01,LAN,NL,5,4,2,1,0,0,1,1,0,0.0,1,1,0,0.0,0.0,0.0,0.0
13271,2016,NLDS2,ethiean01,LAN,NL,3,2,0,1,0,0,0,0,0,0.0,0,1,0,0.0,0.0,0.0,0.0
13273,2016,NLCS,fieldjo03,LAN,NL,2,0,0,0,0,0,0,0,0,0.0,0,0,0,0.0,0.0,0.0,0.0
13274,2016,NLDS2,fieldjo03,LAN,NL,2,0,0,0,0,0,0,0,0,0.0,0,0,0,0.0,0.0,0.0,0.0
13285,2016,NLCS,gonzaad01,LAN,NL,6,21,2,4,0,0,1,4,1,0.0,2,4,0,0.0,0.0,0.0,1.0
13286,2016,NLDS2,gonzaad01,LAN,NL,5,20,1,4,0,0,1,2,0,0.0,1,4,0,0.0,0.0,0.0,1.0
13289,2016,NLCS,grandya01,LAN,NL,6,12,1,1,0,0,1,3,0,0.0,4,5,0,0.0,1.0,0.0,0.0
13290,2016,NLDS2,grandya01,LAN,NL,5,16,0,2,0,0,0,0,0,0.0,3,6,0,0.0,0.0,0.0,1.0
13310,2016,NLCS,hernaen02,LAN,NL,6,8,0,0,0,0,0,0,0,0.0,3,2,0,0.0,0.0,0.0,0.0
13312,2016,ALDS2,hernama02,BOS,AL,2,0,0,0,0,0,0,0,0,0.0,0,0,0,0.0,0.0,0.0,0.0
13316,2016,ALDS2,hillaa01,BOS,AL,1,1,0,0,0,0,0,0,0,0.0,0,1,0,0.0,0.0,0.0,0.0
13317,2016,NLCS,hillri01,LAN,NL,1,2,0,0,0,0,0,0,0,0.0,0,0,0,0.0,0.0,0.0,0.0
13318,2016,NLDS2,hillri01,LAN,NL,2,3,0,1,0,0,0,0,0,0.0,0,1,0,0.0,0.0,0.0,0.0
13319,2016,ALDS2,holtbr01,BOS,AL,3,10,1,4,1,0,1,1,0,0.0,0,2,0,0.0,0.0,0.0,0.0
13321,2016,NLCS,janseke01,LAN,NL,3,0,0,0,0,0,0,0,0,0.0,0,0,0,0.0,0.0,0.0,0.0
13322,2016,NLDS2,janseke01,LAN,NL,4,1,0,0,0,0,0,0,0,0.0,0,1,0,0.0,1.0,0.0,0.0
13328,2016,ALDS2,kellyjo05,BOS,AL,3,0,0,0,0,0,0,0,0,0.0,0,0,0,0.0,0.0,0.0,0.0
13330,2016,NLCS,kendrho01,LAN,NL,5,13,1,2,1,0,0,0,1,0.0,0,3,0,0.0,0.0,0.0,1.0
13331,2016,NLDS2,kendrho01,LAN,NL,4,9,1,3,1,0,0,0,0,0.0,1,1,1,0.0,0.0,0.0,0.0
13332,2016,NLCS,kershcl01,LAN,NL,2,4,0,1,0,0,0,0,0,0.0,0,2,0,0.0,0.0,0.0,0.0
13333,2016,NLDS2,kershcl01,LAN,NL,3,3,1,1,1,0,0,0,0,0.0,1,2,0,0.0,1.0,0.0,0.0
13334,2016,ALDS2,kimbrcr01,BOS,AL,2,0,0,0,0,0,0,0,0,0.0,0,0,0,0.0,0.0,0.0,0.0
13348,2016,ALDS2,leonsa01,BOS,AL,3,10,1,1,0,0,1,1,0,0.0,1,5,0,0.0,0.0,0.0,0.0
13364,2016,NLCS,maedake01,LAN,NL,2,2,0,1,0,0,0,0,0,0.0,0,0,0,0.0,0.0,0.0,0.0
13365,2016,NLDS2,maedake01,LAN,NL,1,0,0,0,0,0,0,0,0,0.0,0,0,0,0.0,0.0,0.0,0.0
13401,2016,ALDS2,ortizda01,BOS,AL,3,9,0,1,1,0,0,1,0,0.0,2,1,0,0.0,0.0,1.0,0.0
13412,2016,NLCS,pederjo01,LAN,NL,6,21,3,4,1,0,0,1,2,0.0,1,8,0,0.0,0.0,0.0,1.0
13413,2016,NLDS2,pederjo01,LAN,NL,5,15,2,5,1,0,1,3,0,0.0,2,6,1,1.0,0.0,0.0,0.0
13414,2016,ALDS2,pedrodu01,BOS,AL,3,12,2,2,1,0,0,0,0,0.0,2,5,0,0.0,0.0,0.0,0.0
13424,2016,ALDS2,pomerdr01,BOS,AL,2,0,0,0,0,0,0,0,0,0.0,0,0,0,0.0,0.0,0.0,0.0
13425,2016,ALDS2,porceri01,BOS,AL,1,0,0,0,0,0,0,0,0,0.0,0,0,0,0.0,0.0,0.0,0.0
13428,2016,ALDS2,priceda01,BOS,AL,1,0,0,0,0,0,0,0,0,0.0,0,0,0,0.0,0.0,0.0,0.0
13429,2016,NLCS,puigya01,LAN,NL,6,14,1,4,0,0,0,0,0,0.0,0,1,0,0.0,0.0,0.0,1.0
13430,2016,NLDS2,puigya01,LAN,NL,4,5,0,0,0,0,0,0,0,0.0,3,2,2,0.0,0.0,0.0,0.0
13431,2016,ALDS2,ramirha01,BOS,AL,3,12,0,3,2,0,0,2,0,0.0,0,4,0,0.0,0.0,0.0,0.0
13435,2016,NLCS,reddijo01,LAN,NL,5,11,1,4,0,0,0,1,3,0.0,0,0,0,0.0,0.0,0.0,0.0
13436,2016,NLDS2,reddijo01,LAN,NL,5,15,1,4,0,0,0,1,0,0.0,1,2,0,0.0,0.0,0.0,0.0
13456,2016,ALDS2,rossro01,BOS,AL,1,0,0,0,0,0,0,0,0,0.0,0,0,0,0.0,0.0,0.0,0.0
13458,2016,NLCS,ruizca01,LAN,NL,4,7,0,1,1,0,0,1,0,0.0,1,1,0,0.0,0.0,0.0,0.0
13459,2016,NLDS2,ruizca01,LAN,NL,3,4,2,2,0,0,1,3,0,0.0,0,1,0,0.0,0.0,0.0,0.0
13477,2016,NLCS,seageco01,LAN,NL,6,21,0,6,0,0,0,1,0,0.0,2,7,0,1.0,0.0,0.0,2.0
13478,2016,NLDS2,seageco01,LAN,NL,5,23,3,3,1,0,2,3,0,0.0,0,6,0,0.0,0.0,0.0,0.0
13483,2016,ALDS2,shawtr01,BOS,AL,1,2,0,1,0,0,0,0,0,0.0,0,0,0,0.0,0.0,0.0,0.0
13495,2016,NLCS,stripro01,LAN,NL,3,0,0,0,0,0,0,0,0,0.0,0,0,0,0.0,0.0,0.0,0.0
13496,2016,NLDS2,stripro01,LAN,NL,2,0,0,0,0,0,0,0,0,0.0,0,0,0,0.0,0.0,0.0,0.0
13506,2016,NLCS,tolesan01,LAN,NL,6,13,4,6,2,0,0,2,0,0.0,1,2,0,0.0,0.0,1.0,0.0
13507,2016,NLDS2,tolesan01,LAN,NL,5,9,2,2,0,0,0,0,0,0.0,0,1,0,2.0,0.0,0.0,1.0
13520,2016,NLCS,turneju01,LAN,NL,6,20,1,4,0,0,1,3,1,0.0,2,3,0,2.0,0.0,0.0,0.0
13521,2016,NLDS2,turneju01,LAN,NL,5,15,5,6,0,1,1,5,0,0.0,5,2,0,2.0,0.0,0.0,0.0
13523,2016,ALDS2,ueharko01,BOS,AL,2,0,0,0,0,0,0,0,0,0.0,0,0,0,0.0,0.0,0.0,0.0
13527,2016,NLCS,uriasju01,LAN,NL,1,1,0,0,0,0,0,0,0,0.0,0,0,0,0.0,0.0,0.0,0.0
13528,2016,NLDS2,uriasju01,LAN,NL,1,0,0,0,0,0,0,0,0,0.0,0,0,0,0.0,0.0,0.0,0.0
13529,2016,NLCS,utleych01,LAN,NL,5,12,1,0,0,0,0,0,0,0.0,2,3,0,0.0,0.0,0.0,0.0
13530,2016,NLDS2,utleych01,LAN,NL,5,16,0,3,0,0,0,2,1,0.0,1,5,0,1.0,0.0,0.0,0.0
13533,2016,NLCS,woodal02,LAN,NL,1,0,0,0,0,0,0,0,0,0.0,0,0,0,0.0,0.0,0.0,0.0
13537,2016,ALDS2,youngch04,BOS,AL,1,1,0,0,0,0,0,0,0,0.0,1,0,0,0.0,0.0,0.0,0.0
13538,2016,ALDS2,zieglbr01,BOS,AL,1,0,0,0,0,0,0,0,0,0.0,0,0,0,0.0,0.0,0.0,0.0
13549,2017,ALCS,altuvjo01,HOU,AL,7,25,5,8,0,0,2,4,1,0.0,4,5,0,0.0,0.0,0.0,1.0
13550,2017,ALDS2,altuvjo01,HOU,AL,4,15,5,8,0,0,3,4,0,0.0,4,2,2,0.0,0.0,0.0,2.0
13551,2017,WS,altuvjo01,HOU,AL,7,31,4,6,2,0,2,6,1,0.0,1,7,0,0.0,0.0,0.0,0.0
13560,2017,NLCS,barneau01,LAN,NL,5,15,2,2,0,0,0,0,0,0.0,3,3,0,0.0,0.0,0.0,2.0
13561,2017,NLDS1,barneau01,LAN,NL,3,8,4,4,1,0,1,3,1,0.0,1,2,0,0.0,0.0,0.0,0.0
13562,2017,WS,barneau01,LAN,NL,7,23,2,4,1,0,0,2,0,0.0,0,5,0,1.0,0.0,1.0,0.0
13565,2017,NLCS,bellico01,LAN,NL,5,22,3,7,2,0,1,2,1,0.0,1,6,0,0.0,0.0,0.0,1.0
13566,2017,NLDS1,bellico01,LAN,NL,3,14,3,3,0,0,1,2,0,0.0,1,6,0,0.0,0.0,0.0,0.0
13567,2017,WS,bellico01,LAN,NL,7,28,4,4,2,1,1,5,0,0.0,1,17,0,0.0,0.0,0.0,0.0
13568,2017,ALCS,beltrca01,HOU,AL,4,12,0,1,1,0,0,0,0,0.0,0,4,0,0.0,0.0,0.0,0.0
13569,2017,ALDS2,beltrca01,HOU,AL,3,5,0,2,1,0,0,1,0,0.0,1,1,0,0.0,0.0,0.0,0.0
13570,2017,WS,beltrca01,HOU,AL,3,3,0,0,0,0,0,0,0,0.0,0,1,0,0.0,0.0,0.0,0.0
13571,2017,ALDS2,beninan01,BOS,AL,4,16,2,4,0,0,1,2,0,0.0,1,3,0,0.0,0.0,0.0,1.0
13573,2017,ALCS,betande01,NYA,AL,2,0,0,0,0,0,0,0,0,0.0,0,0,0,0.0,0.0,0.0,0.0
13574,2017,ALDS1,betande01,NYA,AL,3,0,0,0,0,0,0,0,0,0.0,0,0,0,0.0,0.0,0.0,0.0
13575,2017,ALDS2,bettsmo01,BOS,AL,4,16,2,5,2,0,0,0,1,0.0,1,4,0,0.0,0.0,0.0,0.0
13576,2017,ALCS,birdgr01,NYA,AL,7,20,2,5,2,0,1,2,0,0.0,8,8,1,0.0,0.0,0.0,0.0
13577,2017,ALDS1,birdgr01,NYA,AL,5,18,3,4,0,0,2,3,0,0.0,3,7,0,1.0,0.0,0.0,0.0
13578,2017,ALWC,birdgr01,NYA,AL,1,3,0,1,0,0,0,1,0,0.0,1,2,0,0.0,0.0,0.0,0.0
13581,2017,ALDS2,bogaexa01,BOS,AL,4,17,2,1,0,0,1,1,0,0.0,1,4,0,0.0,0.0,0.0,0.0
13584,2017,ALDS2,bradlja02,BOS,AL,4,15,1,3,0,0,1,5,0,0.0,0,6,0,0.0,0.0,0.0,1.0
13586,2017,ALCS,bregmal01,HOU,AL,7,24,2,4,1,0,0,3,0,0.0,3,3,0,0.0,0.0,0.0,1.0
13587,2017,ALDS2,bregmal01,HOU,AL,4,18,3,4,1,0,2,2,0,0.0,0,3,0,0.0,0.0,0.0,0.0
13588,2017,WS,bregmal01,HOU,AL,7,30,6,7,1,0,2,5,1,0.0,2,4,0,0.0,0.0,1.0,1.0
13596,2017,ALCS,castrst01,NYA,AL,7,24,2,5,1,0,0,0,0,0.0,1,8,0,1.0,0.0,0.0,1.0
13597,2017,ALDS1,castrst01,NYA,AL,5,22,3,6,2,0,0,1,0,0.0,1,5,0,0.0,0.0,0.0,0.0
13598,2017,ALWC,castrst01,NYA,AL,1,4,0,0,0,0,0,0,0,0.0,0,1,0,0.0,0.0,0.0,0.0
13599,2017,ALDS2,centeju01,HOU,AL,1,0,0,0,0,0,0,0,0,0.0,0,0,0,0.0,0.0,0.0,0.0
13602,2017,ALCS,chapmar01,NYA,AL,2,0,0,0,0,0,0,0,0,0.0,0,0,0,0.0,0.0,0.0,0.0
13603,2017,ALDS1,chapmar01,NYA,AL,3,0,0,0,0,0,0,0,0,0.0,0,0,0,0.0,0.0,0.0,0.0
13604,2017,ALWC,chapmar01,NYA,AL,1,0,0,0,0,0,0,0,0,0.0,0,0,0,0.0,0.0,0.0,0.0
13606,2017,NLCS,cingrto01,LAN,NL,2,0,0,0,0,0,0,0,0,0.0,0,0,0,0.0,0.0,0.0,0.0
13607,2017,NLDS1,cingrto01,LAN,NL,2,0,0,0,0,0,0,0,0,0.0,0,0,0,0.0,0.0,0.0,0.0
13608,2017,WS,cingrto01,LAN,NL,3,0,0,0,0,0,0,0,0,0.0,0,0,0,0.0,0.0,0.0,0.0
13612,2017,ALCS,correca01,HOU,AL,7,27,4,9,3,0,1,3,0,0.0,1,5,0,0.0,0.0,0.0,0.0
13613,2017,ALDS2,correca01,HOU,AL,4,17,3,4,1,0,2,6,0,0.0,2,4,0,0.0,0.0,0.0,1.0
13614,2017,WS,correca01,HOU,AL,7,29,3,8,1,0,2,5,0,0.0,1,4,0,0.0,0.0,0.0,0.0
13615,2017,NLCS,culbech01,LAN,NL,5,11,2,5,2,1,0,1,0,0.0,0,2,0,0.0,1.0,1.0,0.0
13616,2017,WS,culbech01,LAN,NL,5,5,2,3,0,0,1,1,0,0.0,0,1,0,0.0,0.0,0.0,0.0
13617,2017,NLCS,darviyu01,LAN,NL,1,2,0,0,0,0,0,1,0,0.0,1,1,0,0.0,0.0,0.0,0.0
13618,2017,NLDS1,darviyu01,LAN,NL,1,2,0,0,0,0,0,0,0,0.0,0,1,0,0.0,1.0,0.0,0.0
13619,2017,WS,darviyu01,LAN,NL,2,0,0,0,0,0,0,0,0,0.0,0,0,0,0.0,0.0,0.0,0.0
13620,2017,ALDS2,davisra01,BOS,AL,1,0,0,0,0,0,0,0,0,0.0,0,0,0,0.0,0.0,0.0,0.0
13628,2017,ALCS,devench02,HOU,AL,2,0,0,0,0,0,0,0,0,0.0,0,0,0,0.0,0.0,0.0,0.0
13629,2017,ALDS2,devench02,HOU,AL,3,0,0,0,0,0,0,0,0,0.0,0,0,0,0.0,0.0,0.0,0.0
13630,2017,WS,devench02,HOU,AL,5,0,0,0,0,0,0,0,0,0.0,0,0,0,0.0,0.0,0.0,0.0
13631,2017,ALDS2,deverra01,BOS,AL,4,11,3,4,0,0,2,5,0,0.0,2,4,0,0.0,0.0,1.0,1.0
13641,2017,ALCS,ellsbja01,NYA,AL,2,1,1,0,0,0,0,0,0,0.0,0,1,0,0.0,0.0,0.0,0.0
13642,2017,ALDS1,ellsbja01,NYA,AL,3,4,0,0,0,0,0,0,0,0.0,2,2,0,0.0,0.0,0.0,0.0
13643,2017,ALWC,ellsbja01,NYA,AL,1,4,0,0,0,0,0,0,0,0.0,0,0,0,0.0,0.0,0.0,0.0
13647,2017,NLCS,ethiean01,LAN,NL,2,8,1,2,0,0,1,1,0,0.0,0,3,0,0.0,0.0,0.0,0.0
13648,2017,NLDS1,ethiean01,LAN,NL,1,0,0,0,0,0,0,0,0,0.0,1,0,0,0.0,0.0,0.0,0.0
13649,2017,WS,ethiean01,LAN,NL,5,5,0,2,0,0,0,1,0,0.0,1,0,0,0.0,0.0,0.0,0.0
13650,2017,NLCS,farmeky01,LAN,NL,4,3,0,0,0,0,0,1,0,0.0,0,1,0,0.0,0.0,1.0,0.0
13651,2017,NLDS1,farmeky01,LAN,NL,1,1,0,0,0,0,0,0,0,0.0,0,1,0,0.0,0.0,0.0,0.0
13652,2017,NLCS,fieldjo03,LAN,NL,2,0,0,0,0,0,0,0,0,0.0,0,0,0,0.0,0.0,0.0,0.0
13653,2017,NLDS1,fieldjo03,LAN,NL,1,0,0,0,0,0,0,0,0,0.0,0,0,0,0.0,0.0,0.0,0.0
13654,2017,WS,fieldjo03,LAN,NL,1,0,0,0,0,0,0,0,0,0.0,0,0,0,0.0,0.0,0.0,0.0
13655,2017,ALCS,fishede01,HOU,AL,1,0,0,0,0,0,0,0,0,0.0,1,0,0,0.0,0.0,0.0,0.0
13656,2017,ALDS2,fishede01,HOU,AL,2,0,0,0,0,0,0,0,0,1.0,0,0,0,0.0,0.0,0.0,0.0
13657,2017,WS,fishede01,HOU,AL,2,0,1,0,0,0,0,0,0,0.0,0,0,0,0.0,0.0,0.0,0.0
13658,2017,ALDS2,fistedo01,BOS,AL,1,0,0,0,0,0,0,0,0,0.0,0,0,0,0.0,0.0,0.0,0.0
13659,2017,NLCS,forsylo01,LAN,NL,4,10,2,2,1,0,0,2,0,0.0,4,3,1,0.0,0.0,0.0,0.0
13660,2017,NLDS1,forsylo01,LAN,NL,3,9,4,4,0,0,0,1,1,0.0,1,0,1,0.0,0.0,0.0,0.0
13661,2017,WS,forsylo01,LAN,NL,7,18,3,5,1,0,0,3,1,1.0,4,4,1,0.0,0.0,0.0,1.0
13662,2017,ALCS,frazito01,NYA,AL,7,22,3,4,1,0,1,4,0,0.0,2,4,0,0.0,0.0,0.0,0.0
13663,2017,ALDS1,frazito01,NYA,AL,5,17,3,4,1,0,0,1,0,1.0,2,5,0,0.0,0.0,0.0,0.0
13664,2017,ALWC,frazito01,NYA,AL,1,4,0,0,0,0,0,0,0,0.0,0,1,0,0.0,0.0,0.0,0.0
13665,2017,ALDS1,garcija02,NYA,AL,1,0,0,0,0,0,0,0,0,0.0,0,0,0,0.0,0.0,0.0,0.0
13666,2017,ALCS,gardnbr01,NYA,AL,7,27,2,4,1,0,0,1,0,0.0,1,9,0,1.0,0.0,0.0,0.0
13667,2017,ALDS1,gardnbr01,NYA,AL,5,21,2,6,1,0,0,2,1,1.0,1,3,0,0.0,1.0,1.0,2.0
13668,2017,ALWC,gardnbr01,NYA,AL,1,4,3,2,0,0,1,1,0,0.0,1,0,0,0.0,0.0,0.0,0.0
13669,2017,ALCS,gattiev01,HOU,AL,4,10,2,1,0,0,1,2,0,0.0,2,2,0,0.0,0.0,1.0,0.0
13670,2017,ALDS2,gattiev01,HOU,AL,3,10,2,4,2,0,0,1,0,0.0,2,3,0,0.0,0.0,0.0,0.0
13671,2017,WS,gattiev01,HOU,AL,6,10,1,3,0,0,0,0,0,0.0,5,0,2,0.0,0.0,0.0,0.0
13672,2017,ALCS,gileske01,HOU,AL,3,0,0,0,0,0,0,0,0,0.0,0,0,0,0.0,0.0,0.0,0.0
13673,2017,ALDS2,gileske01,HOU,AL,2,0,0,0,0,0,0,0,0,0.0,0,0,0,0.0,0.0,0.0,0.0
13674,2017,WS,gileske01,HOU,AL,2,0,0,0,0,0,0,0,0,0.0,0,0,0,0.0,0.0,0.0,0.0
13683,2017,ALCS,gonzama01,HOU,AL,7,22,2,3,1,0,0,0,0,0.0,2,4,0,0.0,0.0,0.0,0.0
13684,2017,ALDS2,gonzama01,HOU,AL,4,15,2,3,1,0,0,2,0,0.0,0,6,0,2.0,0.0,0.0,0.0
13685,2017,WS,gonzama01,HOU,AL,7,24,3,5,2,0,1,2,0,0.0,4,5,2,0.0,0.0,0.0,1.0
13687,2017,ALCS,gourryu01,HOU,AL,7,24,2,6,3,0,0,4,0,0.0,2,4,0,0.0,0.0,0.0,0.0
13688,2017,ALDS2,gourryu01,HOU,AL,4,17,1,9,1,1,0,0,0,0.0,1,1,0,0.0,0.0,0.0,0.0
13689,2017,WS,gourryu01,HOU,AL,7,28,2,6,3,0,2,4,0,0.0,1,5,0,0.0,0.0,0.0,1.0
13690,2017,NLCS,grandcu01,LAN,NL,3,7,0,0,0,0,0,0,0,0.0,0,4,0,0.0,0.0,0.0,0.0
13691,2017,NLDS1,grandcu01,LAN,NL,3,8,1,1,0,0,0,0,0,0.0,0,4,0,0.0,0.0,0.0,0.0
13692,2017,NLCS,grandya01,LAN,NL,1,1,0,0,0,0,0,0,0,0.0,3,0,0,0.0,0.0,0.0,0.0
13693,2017,NLDS1,grandya01,LAN,NL,1,4,0,0,0,0,0,0,0,0.0,0,2,0,0.0,0.0,0.0,0.0
13694,2017,WS,grandya01,LAN,NL,2,3,0,0,0,0,0,0,0,0.0,0,1,0,0.0,0.0,0.0,0.0
13697,2017,ALCS,grayso01,NYA,AL,1,0,0,0,0,0,0,0,0,0.0,0,0,0,0.0,0.0,0.0,0.0
13698,2017,ALDS1,grayso01,NYA,AL,1,0,0,0,0,0,0,0,0,0.0,0,0,0,0.0,0.0,0.0,0.0
13699,2017,ALCS,greench03,NYA,AL,3,0,0,0,0,0,0,0,0,0.0,0,0,0,0.0,0.0,0.0,0.0
13700,2017,ALDS1,greench03,NYA,AL,1,0,0,0,0,0,0,0,0,0.0,0,0,0,0.0,0.0,0.0,0.0
13701,2017,ALWC,greench03,NYA,AL,1,0,0,0,0,0,0,0,0,0.0,0,0,0,0.0,0.0,0.0,0.0
13702,2017,ALCS,gregelu01,HOU,AL,1,0,0,0,0,0,0,0,0,0.0,0,0,0,0.0,0.0,0.0,0.0
13703,2017,ALDS2,gregelu01,HOU,AL,2,0,0,0,0,0,0,0,0,0.0,0,0,0,0.0,0.0,0.0,0.0
13704,2017,WS,gregelu01,HOU,AL,2,0,0,0,0,0,0,0,0,0.0,0,0,0,0.0,0.0,0.0,0.0
13705,2017,ALCS,gregodi01,NYA,AL,7,28,2,7,1,1,0,1,0,0.0,0,8,0,0.0,0.0,0.0,0.0
13706,2017,ALDS1,gregodi01,NYA,AL,5,17,3,4,0,0,2,3,0,0.0,6,3,2,0.0,0.0,0.0,0.0
13707,2017,ALWC,gregodi01,NYA,AL,1,3,1,1,0,0,1,3,0,0.0,1,1,1,0.0,0.0,0.0,0.0
13714,2017,ALCS,harriwi02,HOU,AL,2,0,0,0,0,0,0,0,0,0.0,0,0,0,0.0,0.0,0.0,0.0
13715,2017,ALDS2,harriwi02,HOU,AL,1,0,0,0,0,0,0,0,0,0.0,0,0,0,0.0,0.0,0.0,0.0
13716,2017,WS,harriwi02,HOU,AL,3,0,0,0,0,0,0,0,0,0.0,0,0,0,0.0,0.0,0.0,0.0
13717,2017,ALCS,headlch01,NYA,AL,6,18,2,7,1,0,0,1,0,0.0,0,4,0,0.0,0.0,0.0,0.0
13718,2017,ALDS1,headlch01,NYA,AL,5,12,0,0,0,0,0,0,0,0.0,1,6,0,0.0,0.0,0.0,0.0
13722,2017,NLCS,hernaen02,LAN,NL,4,9,3,4,0,0,3,7,0,1.0,2,1,0,0.0,0.0,0.0,0.0
13723,2017,NLDS1,hernaen02,LAN,NL,3,3,1,1,1,0,0,0,0,0.0,1,0,0,0.0,0.0,0.0,0.0
13724,2017,WS,hernaen02,LAN,NL,6,13,2,3,0,0,0,1,0,0.0,2,3,0,1.0,0.0,0.0,0.0
13727,2017,ALCS,hicksaa01,NYA,AL,7,24,2,2,1,0,0,0,0,0.0,2,8,0,0.0,0.0,0.0,0.0
13728,2017,ALDS1,hicksaa01,NYA,AL,5,19,3,6,1,0,1,4,0,0.0,1,6,0,0.0,0.0,0.0,1.0
13729,2017,ALWC,hicksaa01,NYA,AL,1,3,0,1,0,0,0,1,0,0.0,1,0,0,0.0,0.0,0.0,0.0
13731,2017,NLCS,hillri01,LAN,NL,1,1,0,0,0,0,0,0,0,0.0,0,1,0,0.0,0.0,0.0,0.0
13732,2017,NLDS1,hillri01,LAN,NL,1,1,0,0,0,0,0,0,0,0.0,0,1,0,0.0,0.0,0.0,0.0
13733,2017,WS,hillri01,LAN,NL,2,2,0,0,0,0,0,0,0,0.0,0,1,0,0.0,0.0,0.0,0.0
13735,2017,ALCS,hollima01,NYA,AL,1,3,0,0,0,0,0,0,0,0.0,0,0,0,0.0,0.0,0.0,0.0
13736,2017,ALDS2,holtbr01,BOS,AL,1,0,0,0,0,0,0,0,0,0.0,0,0,0,0.0,0.0,0.0,0.0
13739,2017,NLCS,janseke01,LAN,NL,4,0,0,0,0,0,0,0,0,0.0,0,0,0,0.0,0.0,0.0,0.0
13740,2017,NLDS1,janseke01,LAN,NL,3,1,0,0,0,0,0,0,0,0.0,0,1,0,0.0,0.0,0.0,0.0
13741,2017,WS,janseke01,LAN,NL,6,0,0,0,0,0,0,0,0,0.0,0,0,0,0.0,0.0,0.0,0.0
13744,2017,ALCS,judgeaa01,NYA,AL,7,24,5,6,2,0,3,7,0,1.0,4,11,0,0.0,0.0,0.0,1.0
13745,2017,ALDS1,judgeaa01,NYA,AL,5,20,1,1,1,0,0,2,0,0.0,4,16,0,0.0,0.0,0.0,0.0
13746,2017,ALWC,judgeaa01,NYA,AL,1,4,3,2,0,0,1,2,0,0.0,1,0,0,0.0,0.0,0.0,0.0
13747,2017,ALCS,kahnlto01,NYA,AL,4,0,0,0,0,0,0,0,0,0.0,0,0,0,0.0,0.0,0.0,0.0
13748,2017,ALDS1,kahnlto01,NYA,AL,2,0,0,0,0,0,0,0,0,0.0,0,0,0,0.0,0.0,0.0,0.0
13749,2017,ALWC,kahnlto01,NYA,AL,1,0,0,0,0,0,0,0,0,0.0,0,0,0,0.0,0.0,0.0,0.0
13750,2017,ALDS2,kellyjo05,BOS,AL,2,0,0,0,0,0,0,0,0,0.0,0,0,0,0.0,0.0,0.0,0.0
13753,2017,NLCS,kershcl01,LAN,NL,2,4,0,0,0,0,0,0,0,0.0,0,1,0,0.0,0.0,0.0,0.0
13754,2017,NLDS1,kershcl01,LAN,NL,1,2,0,1,0,0,0,0,0,0.0,0,1,0,0.0,1.0,0.0,0.0
13755,2017,WS,kershcl01,LAN,NL,3,2,0,0,0,0,0,0,0,0.0,0,1,0,0.0,1.0,0.0,0.0
13756,2017,ALCS,keuchda01,HOU,AL,2,0,0,0,0,0,0,0,0,0.0,0,0,0,0.0,0.0,0.0,0.0
13757,2017,ALDS2,keuchda01,HOU,AL,1,0,0,0,0,0,0,0,0,0.0,0,0,0,0.0,0.0,0.0,0.0
13758,2017,WS,keuchda01,HOU,AL,2,2,0,0,0,0,0,0,0,0.0,0,2,0,0.0,0.0,0.0,0.0
13759,2017,ALDS2,kimbrcr01,BOS,AL,2,0,0,0,0,0,0,0,0,0.0,0,0,0,0.0,0.0,0.0,0.0
13769,2017,ALDS2,leonsa01,BOS,AL,2,8,0,4,0,0,0,2,0,0.0,0,2,0,0.0,0.0,0.0,0.0
13774,2017,ALCS,liriafr01,HOU,AL,1,0,0,0,0,0,0,0,0,0.0,0,0,0,0.0,0.0,0.0,0.0
13775,2017,ALDS2,liriafr01,HOU,AL,2,0,0,0,0,0,0,0,0,0.0,0,0,0,0.0,0.0,0.0,0.0
13776,2017,WS,liriafr01,HOU,AL,2,0,0,0,0,0,0,0,0,0.0,0,0,0,0.0,0.0,0.0,0.0
13779,2017,ALDS2,maddoau01,BOS,AL,2,0,0,0,0,0,0,0,0,0.0,0,0,0,0.0,0.0,0.0,0.0
13781,2017,NLCS,maedake01,LAN,NL,3,0,0,0,0,0,0,0,0,0.0,0,0,0,0.0,0.0,0.0,0.0
13782,2017,NLDS1,maedake01,LAN,NL,2,1,0,0,0,0,0,0,0,0.0,0,0,0,0.0,0.0,0.0,0.0
13783,2017,WS,maedake01,LAN,NL,4,0,0,0,0,0,0,0,0,0.0,0,0,0,0.0,0.0,0.0,0.0
13784,2017,ALDS2,marrede01,BOS,AL,1,2,0,0,0,0,0,0,0,0.0,0,2,0,0.0,0.0,0.0,0.0
13794,2017,ALCS,maybica01,HOU,AL,1,3,0,1,0,0,0,0,0,0.0,1,0,0,0.0,0.0,0.0,0.0
13795,2017,ALDS2,maybica01,HOU,AL,2,1,1,0,0,0,0,0,0,0.0,0,0,0,0.0,0.0,0.0,0.0
13796,2017,WS,maybica01,HOU,AL,3,3,1,1,0,0,0,0,1,0.0,0,1,0,0.0,0.0,0.0,0.0
13797,2017,ALCS,mccanbr01,HOU,AL,6,16,1,3,2,0,0,3,0,0.0,3,5,0,1.0,0.0,0.0,1.0
13798,2017,ALDS2,mccanbr01,HOU,AL,4,16,0,2,0,0,0,2,0,0.0,0,4,0,1.0,0.0,0.0,0.0
13799,2017,WS,mccanbr01,HOU,AL,7,25,2,5,0,0,1,2,0,0.0,1,8,0,2.0,0.0,0.0,1.0
13800,2017,WS,mccarbr01,LAN,NL,1,0,0,0,0,0,0,0,0,0.0,0,0,0,0.0,0.0,0.0,0.0
13801,2017,ALCS,mcculla02,HOU,AL,2,0,0,0,0,0,0,0,0,0.0,0,0,0,0.0,0.0,0.0,0.0
13802,2017,ALDS2,mcculla02,HOU,AL,1,0,0,0,0,0,0,0,0,0.0,0,0,0,0.0,0.0,0.0,0.0
13803,2017,WS,mcculla02,HOU,AL,2,1,0,0,0,0,0,1,0,0.0,0,0,0,0.0,0.0,0.0,0.0
13805,2017,ALCS,mchugco01,HOU,AL,1,0,0,0,0,0,0,0,0,0.0,0,0,0,0.0,0.0,0.0,0.0
13806,2017,WS,mchugco01,HOU,AL,1,0,0,0,0,0,0,0,0,0.0,0,0,0,0.0,0.0,0.0,0.0
13810,2017,ALDS2,morelmi01,BOS,AL,4,13,4,5,2,0,0,0,0,0.0,2,2,0,0.0,0.0,0.0,0.0
13811,2017,NLCS,morrobr01,LAN,NL,4,1,0,0,0,0,0,0,0,0.0,0,0,0,0.0,0.0,0.0,0.0
13812,2017,NLDS1,morrobr01,LAN,NL,3,0,0,0,0,0,0,0,0,0.0,0,0,0,0.0,0.0,0.0,0.0
13813,2017,WS,morrobr01,LAN,NL,7,0,0,0,0,0,0,0,0,0.0,0,0,0,0.0,0.0,0.0,0.0
13814,2017,ALCS,mortoch02,HOU,AL,2,0,0,0,0,0,0,0,0,0.0,0,0,0,0.0,0.0,0.0,0.0
13815,2017,ALDS2,mortoch02,HOU,AL,1,0,0,0,0,0,0,0,0,0.0,0,0,0,0.0,0.0,0.0,0.0
13816,2017,WS,mortoch02,HOU,AL,2,1,0,0,0,0,0,0,0,0.0,0,1,0,0.0,0.0,0.0,0.0
13818,2017,ALCS,musgrjo01,HOU,AL,1,0,0,0,0,0,0,0,0,0.0,0,0,0,0.0,0.0,0.0,0.0
13819,2017,ALDS2,musgrjo01,HOU,AL,2,0,0,0,0,0,0,0,0,0.0,0,0,0,0.0,0.0,0.0,0.0
13820,2017,WS,musgrjo01,HOU,AL,4,0,0,0,0,0,0,0,0,0.0,0,0,0,0.0,0.0,0.0,0.0
13822,2017,ALDS2,nunezed02,BOS,AL,1,1,0,0,0,0,0,0,0,0.0,0,0,0,0.0,0.0,0.0,0.0
13826,2017,ALCS,peacobr01,HOU,AL,2,0,0,0,0,0,0,0,0,0.0,0,0,0,0.0,0.0,0.0,0.0
13827,2017,ALDS2,peacobr01,HOU,AL,1,0,0,0,0,0,0,0,0,0.0,0,0,0,0.0,0.0,0.0,0.0
13828,2017,WS,peacobr01,HOU,AL,4,1,0,0,0,0,0,0,0,0.0,0,0,0,0.0,0.0,0.0,0.0
13829,2017,NLCS,pederjo01,LAN,NL,5,5,1,1,1,0,0,0,0,0.0,0,2,0,0.0,1.0,0.0,0.0
13830,2017,WS,pederjo01,LAN,NL,6,18,6,6,2,0,3,5,0,0.0,2,8,0,0.0,0.0,0.0,0.0
13831,2017,ALDS2,pedrodu01,BOS,AL,4,16,0,2,0,0,0,0,0,0.0,2,2,0,0.0,0.0,0.0,0.0
13839,2017,ALDS2,pomerdr01,BOS,AL,1,0,0,0,0,0,0,0,0,0.0,0,0,0,0.0,0.0,0.0,0.0
13840,2017,ALDS2,porceri01,BOS,AL,2,0,0,0,0,0,0,0,0,0.0,0,0,0,0.0,0.0,0.0,0.0
13841,2017,ALDS2,priceda01,BOS,AL,2,0,0,0,0,0,0,0,0,0.0,0,0,0,0.0,0.0,0.0,0.0
13842,2017,NLCS,puigya01,LAN,NL,5,18,6,7,1,0,1,2,0,1.0,4,2,0,0.0,0.0,0.0,2.0
13843,2017,NLDS1,puigya01,LAN,NL,3,11,0,5,1,1,0,4,0,1.0,2,1,0,0.0,0.0,0.0,0.0
13844,2017,WS,puigya01,LAN,NL,7,27,2,4,0,0,2,4,0,0.0,0,5,0,1.0,0.0,0.0,0.0
13847,2017,ALDS2,ramirha01,BOS,AL,4,14,2,8,2,0,0,3,0,0.0,1,2,0,0.0,0.0,0.0,0.0
13851,2017,ALCS,reddijo01,HOU,AL,7,25,1,1,0,0,0,0,0,0.0,1,6,0,0.0,0.0,0.0,1.0
13852,2017,ALDS2,reddijo01,HOU,AL,4,16,3,6,0,0,0,2,0,0.0,2,2,0,0.0,0.0,0.0,1.0
13853,2017,WS,reddijo01,HOU,AL,7,24,3,4,1,0,0,0,0,0.0,2,5,1,0.0,0.0,0.0,2.0
13854,2017,ALDS2,reedad01,BOS,AL,3,0,0,0,0,0,0,0,0,0.0,0,0,0,0.0,0.0,0.0,0.0
13859,2017,ALCS,roberda08,NYA,AL,4,0,0,0,0,0,0,0,0,0.0,0,0,0,0.0,0.0,0.0,0.0
13860,2017,ALDS1,roberda08,NYA,AL,3,0,0,0,0,0,0,0,0,0.0,0,0,0,0.0,0.0,0.0,0.0
13861,2017,ALWC,roberda08,NYA,AL,1,0,0,0,0,0,0,0,0,0.0,0,0,0,0.0,0.0,0.0,0.0
13864,2017,ALDS2,rodried05,BOS,AL,1,0,0,0,0,0,0,0,0,0.0,0,0,0,0.0,0.0,0.0,0.0
13866,2017,ALCS,rominau01,NYA,AL,2,2,0,0,0,0,0,0,0,0.0,0,0,0,0.0,0.0,0.0,0.0
13873,2017,ALCS,sabatcc01,NYA,AL,2,0,0,0,0,0,0,0,0,0.0,0,0,0,0.0,0.0,0.0,0.0
13874,2017,ALDS1,sabatcc01,NYA,AL,2,0,0,0,0,0,0,0,0,0.0,0,0,0,0.0,0.0,0.0,0.0
13876,2017,ALDS2,salech01,BOS,AL,2,0,0,0,0,0,0,0,0,0.0,0,0,0,0.0,0.0,0.0,0.0
13877,2017,ALCS,sanchga02,NYA,AL,7,26,1,5,1,0,1,5,0,0.0,1,9,0,0.0,0.0,1.0,0.0
13878,2017,ALDS1,sanchga02,NYA,AL,5,23,3,4,0,0,2,3,0,0.0,0,10,0,0.0,0.0,0.0,1.0
13879,2017,ALWC,sanchga02,NYA,AL,1,4,1,2,1,0,0,0,0,0.0,0,0,0,0.0,0.0,0.0,0.0
13885,2017,NLDS1,seageco01,LAN,NL,3,11,3,3,0,1,0,2,1,0.0,4,3,0,0.0,0.0,0.0,0.0
13886,2017,WS,seageco01,LAN,NL,7,27,4,6,1,0,1,4,0,0.0,3,9,0,0.0,0.0,1.0,2.0
13887,2017,ALCS,severlu01,NYA,AL,2,0,0,0,0,0,0,0,0,0.0,0,0,0,0.0,0.0,0.0,0.0
13888,2017,ALDS1,severlu01,NYA,AL,1,0,0,0,0,0,0,0,0,0.0,0,0,0,0.0,0.0,0.0,0.0
13889,2017,ALWC,severlu01,NYA,AL,1,0,0,0,0,0,0,0,0,0.0,0,0,0,0.0,0.0,0.0,0.0
13892,2017,ALDS2,smithca02,BOS,AL,2,0,0,0,0,0,0,0,0,0.0,0,0,0,0.0,0.0,0.0,0.0
13895,2017,ALCS,springe01,HOU,AL,7,26,1,3,0,0,0,0,0,0.0,4,7,0,0.0,0.0,0.0,2.0
13896,2017,ALDS2,springe01,HOU,AL,4,17,4,7,2,0,1,2,0,0.0,2,4,0,0.0,0.0,0.0,0.0
13897,2017,WS,springe01,HOU,AL,7,29,8,11,3,0,5,7,0,0.0,5,8,1,0.0,0.0,0.0,0.0
13900,2017,NLCS,stripro01,LAN,NL,2,0,0,0,0,0,0,0,0,0.0,0,0,0,0.0,0.0,0.0,0.0
13901,2017,WS,stripro01,LAN,NL,3,0,0,0,0,0,0,0,0,0.0,0,0,0,0.0,0.0,0.0,0.0
13904,2017,ALCS,tanakma01,NYA,AL,2,0,0,0,0,0,0,0,0,0.0,0,0,0,0.0,0.0,0.0,0.0
13905,2017,ALDS1,tanakma01,NYA,AL,1,0,0,0,0,0,0,0,0,0.0,0,0,0,0.0,0.0,0.0,0.0
13907,2017,NLCS,tayloch03,LAN,NL,5,19,5,6,1,1,2,3,0,0.0,5,2,0,0.0,0.0,0.0,0.0
13908,2017,NLDS1,tayloch03,LAN,NL,3,13,3,3,1,0,0,1,0,0.0,2,3,0,0.0,0.0,0.0,0.0
13909,2017,WS,tayloch03,LAN,NL,7,27,4,6,2,0,1,3,0,1.0,4,5,0,1.0,0.0,0.0,0.0
13912,2017,ALCS,torrero01,NYA,AL,1,0,0,0,0,0,0,0,0,0.0,0,0,0,0.0,0.0,0.0,0.0
13913,2017,ALDS1,torrero01,NYA,AL,1,1,0,0,0,0,0,0,0,0.0,0,1,0,0.0,0.0,0.0,0.0
13914,2017,NLCS,turneju01,LAN,NL,5,18,3,6,0,0,2,7,0,0.0,5,4,0,0.0,0.0,0.0,0.0
13915,2017,NLDS1,turneju01,LAN,NL,3,13,1,6,0,0,1,5,1,0.0,1,1,0,1.0,0.0,0.0,0.0
13916,2017,WS,turneju01,LAN,NL,7,25,4,4,2,0,1,2,0,0.0,4,4,0,2.0,0.0,0.0,1.0
13919,2017,NLCS,utleych01,LAN,NL,3,7,0,0,0,0,0,0,0,0.0,0,4,0,1.0,0.0,0.0,1.0
13920,2017,NLDS1,utleych01,LAN,NL,2,2,0,0,0,0,0,0,0,0.0,2,0,0,0.0,0.0,0.0,0.0
13921,2017,WS,utleych01,LAN,NL,4,6,1,0,0,0,0,0,0,0.0,0,1,0,1.0,0.0,0.0,0.0
13923,2017,ALDS2,vazquch01,BOS,AL,2,6,1,2,0,0,0,0,0,0.0,2,2,0,0.0,0.0,0.0,0.0
13924,2017,ALCS,verlaju01,HOU,AL,2,0,0,0,0,0,0,0,0,0.0,0,0,0,0.0,0.0,0.0,0.0
13925,2017,ALDS2,verlaju01,HOU,AL,2,0,0,0,0,0,0,0,0,0.0,0,0,0,0.0,0.0,0.0,0.0
13926,2017,WS,verlaju01,HOU,AL,2,3,0,0,0,0,0,0,0,0.0,0,3,0,0.0,1.0,0.0,0.0
13929,2017,ALCS,warread01,NYA,AL,2,0,0,0,0,0,0,0,0,0.0,0,0,0,0.0,0.0,0.0,0.0
13930,2017,ALDS1,warread01,NYA,AL,1,0,0,0,0,0,0,0,0,0.0,0,0,0,0.0,0.0,0.0,0.0
13931,2017,NLCS,watsoto01,LAN,NL,4,0,0,0,0,0,0,0,0,0.0,0,0,0,0.0,0.0,0.0,0.0
13932,2017,NLDS1,watsoto01,LAN,NL,2,0,0,0,0,0,0,0,0,0.0,0,0,0,0.0,0.0,0.0,0.0
13933,2017,WS,watsoto01,LAN,NL,5,0,0,0,0,0,0,0,0,0.0,0,0,0,0.0,0.0,0.0,0.0
13937,2017,NLCS,woodal02,LAN,NL,1,2,0,0,0,0,0,0,0,0.0,0,1,0,0.0,0.0,0.0,0.0
13938,2017,WS,woodal02,LAN,NL,2,0,0,0,0,0,0,0,0,0.0,0,0,0,0.0,0.0,0.0,0.0
13939,2017,ALDS2,youngch04,BOS,AL,1,2,1,1,1,0,0,0,1,0.0,0,0,0,0.0,0.0,0.0,0.0
13948,2018,NLDS2,alexasc01,LAN,NL,1,0,0,0,0,0,0,0,0,0.0,0,0,0,0.0,0.0,0.0,0.0
13949,2018,WS,alexasc01,LAN,NL,3,0,0,0,0,0,0,0,0,0.0,0,0,0,0.0,0.0,0.0,0.0
13954,2018,ALCS,altuvjo01,HOU,AL,5,20,4,5,1,0,0,2,0,0.0,3,4,0,0.0,0.0,0.0,0.0
13955,2018,ALDS2,altuvjo01,HOU,AL,3,14,4,4,1,0,1,2,0,0.0,0,2,0,0.0,0.0,0.0,1.0
13957,2018,ALDS1,andujmi01,NYA,AL,3,9,0,1,0,0,0,0,0,0.0,1,2,0,0.0,0.0,0.0,1.0
13958,2018,ALWC,andujmi01,NYA,AL,1,1,0,1,0,0,0,0,0,0.0,1,0,0,0.0,0.0,0.0,0.0
13964,2018,NLCS,baezpe01,LAN,NL,4,0,0,0,0,0,0,0,0,0.0,0,0,0,0.0,0.0,0.0,0.0
13965,2018,NLDS2,baezpe01,LAN,NL,2,0,0,0,0,0,0,0,0,0.0,0,0,0,0.0,0.0,0.0,0.0
13966,2018,WS,baezpe01,LAN,NL,4,0,0,0,0,0,0,0,0,0.0,0,0,0,0.0,0.0,0.0,0.0
13967,2018,NLCS,barneau01,LAN,NL,5,18,0,2,0,0,0,2,0,0.0,2,9,0,0.0,0.0,0.0,0.0
13968,2018,WS,barneau01,LAN,NL,5,11,0,0,0,0,0,0,0,0.0,1,5,0,0.0,0.0,0.0,0.0
13969,2018,ALCS,barnema01,BOS,AL,5,0,0,0,0,0,0,0,0,0.0,0,0,0,0.0,0.0,0.0,0.0
13970,2018,ALDS1,barnema01,BOS,AL,2,0,0,0,0,0,0,0,0,0.0,0,0,0,0.0,0.0,0.0,0.0
13971,2018,WS,barnema01,BOS,AL,3,0,0,0,0,0,0,0,0,0.0,0,0,0,0.0,0.0,0.0,0.0
13973,2018,NLCS,bellico01,LAN,NL,7,25,3,5,1,0,1,4,2,0.0,1,6,0,0.0,0.0,0.0,0.0
13974,2018,NLDS2,bellico01,LAN,NL,4,11,1,0,0,0,0,0,2,0.0,4,4,0,0.0,0.0,0.0,0.0
13975,2018,WS,bellico01,LAN,NL,5,16,1,1,0,0,0,0,0,1.0,0,6,0,0.0,0.0,0.0,0.0
13976,2018,ALCS,beninan01,BOS,AL,5,24,4,5,2,0,0,1,0,0.0,0,7,0,0.0,0.0,0.0,0.0
13977,2018,ALDS1,beninan01,BOS,AL,4,14,5,4,1,0,0,3,2,0.0,3,3,0,1.0,0.0,0.0,0.0
13978,2018,WS,beninan01,BOS,AL,5,18,6,6,1,0,0,1,0,0.0,1,3,0,0.0,0.0,0.0,0.0
13979,2018,ALDS1,betande01,NYA,AL,2,0,0,0,0,0,0,0,0,0.0,0,0,0,0.0,0.0,0.0,0.0
13980,2018,ALWC,betande01,NYA,AL,1,0,0,0,0,0,0,0,0,0.0,0,0,0,0.0,0.0,0.0,0.0
13981,2018,ALCS,bettsmo01,BOS,AL,5,23,5,5,2,0,0,1,0,0.0,1,2,0,1.0,0.0,0.0,0.0
13982,2018,ALDS1,bettsmo01,BOS,AL,4,16,3,3,1,0,0,2,0,0.0,3,4,2,0.0,0.0,0.0,0.0
13983,2018,WS,bettsmo01,BOS,AL,5,23,5,5,1,0,1,1,1,0.0,3,6,2,0.0,0.0,0.0,0.0
13986,2018,ALCS,bogaexa01,BOS,AL,5,19,1,5,1,0,0,3,0,0.0,3,1,0,0.0,0.0,0.0,1.0
13987,2018,ALDS1,bogaexa01,BOS,AL,4,17,2,5,0,0,1,2,0,0.0,1,1,0,0.0,0.0,1.0,0.0
13988,2018,WS,bogaexa01,BOS,AL,5,22,2,3,1,0,0,2,0,0.0,3,6,1,0.0,0.0,0.0,2.0
13991,2018,ALCS,bradlja02,BOS,AL,5,15,3,3,1,0,2,9,0,1.0,4,3,0,1.0,0.0,0.0,0.0
13992,2018,ALDS1,bradlja02,BOS,AL,4,12,2,2,1,0,0,0,1,0.0,3,3,0,0.0,0.0,0.0,0.0
13993,2018,WS,bradlja02,BOS,AL,5,13,1,3,0,0,1,1,0,1.0,2,3,0,0.0,0.0,0.0,1.0
13995,2018,ALCS,brasiry01,BOS,AL,4,0,0,0,0,0,0,0,0,0.0,0,0,0,0.0,0.0,0.0,0.0
13996,2018,ALDS1,brasiry01,BOS,AL,3,0,0,0,0,0,0,0,0,0.0,0,0,0,0.0,0.0,0.0,0.0
13997,2018,WS,brasiry01,BOS,AL,2,0,0,0,0,0,0,0,0,0.0,0,0,0,0.0,0.0,0.0,0.0
14000,2018,ALCS,bregmal01,HOU,AL,5,15,3,2,1,0,0,1,0,1.0,7,3,0,2.0,0.0,0.0,0.0
14001,2018,ALDS2,bregmal01,HOU,AL,3,9,5,5,1,0,2,4,0,0.0,4,1,1,1.0,0.0,0.0,0.0
14002,2018,ALDS1,brittza01,NYA,AL,3,0,0,0,0,0,0,0,0,0.0,0,0,0,0.0,0.0,0.0,0.0
14003,2018,ALWC,brittza01,NYA,AL,1,0,0,0,0,0,0,0,0,0.0,0,0,0,0.0,0.0,0.0,0.0
14006,2018,NLCS,buehlwa01,LAN,NL,2,3,0,0,0,0,0,0,0,0.0,0,2,0,0.0,1.0,0.0,0.0
14007,2018,NLDS2,buehlwa01,LAN,NL,1,1,0,0,0,0,0,0,0,0.0,0,1,0,0.0,1.0,0.0,0.0
14008,2018,WS,buehlwa01,LAN,NL,1,2,0,0,0,0,0,0,0,0.0,0,2,0,0.0,0.0,0.0,0.0
14022,2018,ALDS1,chapmar01,NYA,AL,2,0,0,0,0,0,0,0,0,0.0,0,0,0,0.0,0.0,0.0,0.0
14023,2018,ALWC,chapmar01,NYA,AL,1,0,0,0,0,0,0,0,0,0.0,0,0,0,0.0,0.0,0.0,0.0
14029,2018,ALCS,colege01,HOU,AL,1,0,0,0,0,0,0,0,0,0.0,0,0,0,0.0,0.0,0.0,0.0
14030,2018,ALDS2,colege01,HOU,AL,1,0,0,0,0,0,0,0,0,0.0,0,0,0,0.0,0.0,0.0,0.0
14032,2018,ALCS,correca01,HOU,AL,5,19,2,6,1,0,0,3,0,0.0,3,7,0,0.0,0.0,0.0,0.0
14033,2018,ALDS2,correca01,HOU,AL,3,10,1,1,0,0,1,3,0,0.0,3,2,0,0.0,0.0,0.0,0.0
14044,2018,ALCS,deverra01,BOS,AL,4,13,4,5,0,0,1,6,0,0.0,2,5,0,0.0,0.0,0.0,0.0
14045,2018,ALDS1,deverra01,BOS,AL,2,7,2,2,0,0,0,1,1,0.0,0,1,0,0.0,0.0,0.0,0.0
14046,2018,WS,deverra01,BOS,AL,5,14,1,3,0,0,0,2,0,0.0,1,7,0,0.0,0.0,0.0,0.0
14049,2018,NLCS,doziebr01,LAN,NL,6,9,1,1,0,0,0,2,1,1.0,2,2,0,1.0,0.0,0.0,0.0
14050,2018,NLDS2,doziebr01,LAN,NL,1,2,0,1,0,0,0,0,0,0.0,0,1,0,0.0,0.0,0.0,0.0
14051,2018,WS,doziebr01,LAN,NL,4,5,2,0,0,0,0,0,0,0.0,3,1,0,0.0,0.0,0.0,0.0
14054,2018,ALCS,eovalna01,BOS,AL,2,0,0,0,0,0,0,0,0,0.0,0,0,0,0.0,0.0,0.0,0.0
14055,2018,ALDS1,eovalna01,BOS,AL,1,0,0,0,0,0,0,0,0,0.0,0,0,0,0.0,0.0,0.0,0.0
14056,2018,WS,eovalna01,BOS,AL,3,2,0,0,0,0,0,0,0,0.0,0,2,0,0.0,0.0,0.0,0.0
14058,2018,NLCS,ferguca01,LAN,NL,4,0,0,0,0,0,0,0,0,0.0,0,0,0,0.0,0.0,0.0,0.0
14059,2018,NLDS2,ferguca01,LAN,NL,2,0,0,0,0,0,0,0,0,0.0,0,0,0,0.0,0.0,0.0,0.0
14061,2018,NLCS,florody01,LAN,NL,5,0,0,0,0,0,0,0,0,0.0,0,0,0,0.0,0.0,0.0,0.0
14062,2018,NLDS2,florody01,LAN,NL,1,0,0,0,0,0,0,0,0,0.0,0,0,0,0.0,0.0,0.0,0.0
14063,2018,WS,florody01,LAN,NL,2,0,0,0,0,0,0,0,0,0.0,0,0,0,0.0,0.0,0.0,0.0
14068,2018,NLCS,freesda01,LAN,NL,6,8,1,2,1,0,1,2,0,0.0,0,2,0,1.0,0.0,0.0,0.0
14069,2018,NLDS2,freesda01,LAN,NL,3,2,0,1,0,0,0,3,0,0.0,0,0,0,0.0,0.0,1.0,1.0
14070,2018,WS,freesda01,LAN,NL,5,12,2,5,0,1,1,1,0,0.0,1,3,0,1.0,0.0,0.0,0.0
14072,2018,ALDS1,gardnbr01,NYA,AL,4,8,1,0,0,0,0,1,0,0.0,3,1,0,0.0,0.0,1.0,0.0
14073,2018,ALWC,gardnbr01,NYA,AL,1,0,0,0,0,0,0,0,0,0.0,0,0,0,0.0,0.0,0.0,0.0
14074,2018,ALCS,gattiev01,HOU,AL,2,2,0,0,0,0,0,0,0,0.0,0,0,0,0.0,0.0,0.0,0.0
14075,2018,ALDS2,gattiev01,HOU,AL,2,2,0,0,0,0,0,0,0,0.0,0,1,0,0.0,0.0,0.0,0.0
14081,2018,ALCS,gonzama01,HOU,AL,5,20,2,4,0,0,2,4,0,1.0,1,7,0,1.0,0.0,0.0,0.0
14082,2018,ALDS2,gonzama01,HOU,AL,3,13,1,7,2,0,0,5,0,1.0,0,2,0,1.0,0.0,0.0,0.0
14084,2018,ALCS,gourryu01,HOU,AL,5,20,3,5,1,0,1,3,0,0.0,2,2,0,0.0,0.0,0.0,0.0
14085,2018,ALDS2,gourryu01,HOU,AL,3,11,2,2,1,0,0,0,0,0.0,3,3,1,0.0,0.0,0.0,0.0
14088,2018,NLCS,grandya01,LAN,NL,5,11,0,2,1,0,0,0,0,0.0,0,6,0,0.0,0.0,0.0,1.0
14089,2018,NLDS2,grandya01,LAN,NL,4,13,2,1,0,0,1,1,0,0.0,3,5,0,0.0,0.0,0.0,0.0
14090,2018,WS,grandya01,LAN,NL,5,5,0,1,0,0,0,0,0,0.0,2,4,0,0.0,0.0,0.0,0.0
14091,2018,ALDS1,greench03,NYA,AL,2,0,0,0,0,0,0,0,0,0.0,0,0,0,0.0,0.0,0.0,0.0
14092,2018,ALDS1,gregodi01,NYA,AL,4,14,1,3,1,0,0,2,0,0.0,0,3,0,0.0,1.0,0.0,0.0
14093,2018,ALWC,gregodi01,NYA,AL,1,3,0,1,0,0,0,1,0,0.0,0,1,0,0.0,0.0,1.0,0.0
14102,2018,ALDS1,happja01,NYA,AL,1,0,0,0,0,0,0,0,0,0.0,0,0,0,0.0,0.0,0.0,0.0
14103,2018,ALDS2,harriwi02,HOU,AL,1,0,0,0,0,0,0,0,0,0.0,0,0,0,0.0,0.0,0.0,0.0
14104,2018,ALDS1,hechaad01,NYA,AL,3,1,0,0,0,0,0,0,0,0.0,1,0,0,0.0,0.0,0.0,0.0
14105,2018,ALWC,hechaad01,NYA,AL,1,2,0,0,0,0,0,0,0,0.0,0,0,0,0.0,0.0,0.0,0.0
14106,2018,ALCS,hembrhe01,BOS,AL,1,0,0,0,0,0,0,0,0,0.0,0,0,0,0.0,0.0,0.0,0.0
14107,2018,ALDS1,hembrhe01,BOS,AL,2,0,0,0,0,0,0,0,0,0.0,0,0,0,0.0,0.0,0.0,0.0
14108,2018,WS,hembrhe01,BOS,AL,1,0,0,0,0,0,0,0,0,0.0,0,0,0,0.0,0.0,0.0,0.0
14111,2018,NLCS,hernaen02,LAN,NL,6,14,0,1,0,0,0,0,0,1.0,2,8,1,0.0,0.0,0.0,0.0
14112,2018,NLDS2,hernaen02,LAN,NL,4,12,2,2,0,0,1,1,2,0.0,3,2,0,0.0,0.0,0.0,0.0
14113,2018,WS,hernaen02,LAN,NL,5,15,1,2,0,0,1,2,0,0.0,0,4,0,0.0,0.0,0.0,1.0
14115,2018,ALDS1,hicksaa01,NYA,AL,2,5,0,1,0,0,0,0,0,0.0,1,1,0,0.0,0.0,0.0,0.0
14116,2018,ALWC,hicksaa01,NYA,AL,1,4,1,1,1,0,0,1,0,0.0,0,0,0,0.0,0.0,0.0,0.0
14117,2018,NLCS,hillri01,LAN,NL,2,2,0,0,0,0,0,0,0,0.0,0,0,0,0.0,0.0,0.0,0.0
14118,2018,NLDS2,hillri01,LAN,NL,1,1,0,0,0,0,0,0,0,0.0,0,1,0,0.0,1.0,0.0,0.0
14119,2018,WS,hillri01,LAN,NL,1,2,0,0,0,0,0,0,0,0.0,0,0,0,0.0,0.0,0.0,0.0
14120,2018,ALDS1,holdejo02,NYA,AL,1,0,0,0,0,0,0,0,0,0.0,0,0,0,0.0,0.0,0.0,0.0
14123,2018,ALCS,holtbr01,BOS,AL,4,9,1,1,0,0,0,1,0,0.0,1,3,0,1.0,0.0,0.0,0.0
14124,2018,ALDS1,holtbr01,BOS,AL,1,6,3,4,1,1,1,5,0,0.0,0,0,0,0.0,0.0,0.0,0.0
14125,2018,WS,holtbr01,BOS,AL,3,12,3,2,1,0,0,0,1,0.0,3,1,0,0.0,0.0,0.0,1.0
14129,2018,ALCS,jamesjo02,HOU,AL,2,0,0,0,0,0,0,0,0,0.0,0,0,0,0.0,0.0,0.0,0.0
14130,2018,NLCS,janseke01,LAN,NL,4,0,0,0,0,0,0,0,0,0.0,0,0,0,0.0,0.0,0.0,0.0
14131,2018,NLDS2,janseke01,LAN,NL,2,0,0,0,0,0,0,0,0,0.0,0,0,0,0.0,0.0,0.0,0.0
14132,2018,WS,janseke01,LAN,NL,3,0,0,0,0,0,0,0,0,0.0,0,0,0,0.0,0.0,0.0,0.0
14136,2018,ALDS1,judgeaa01,NYA,AL,4,16,4,6,0,0,2,2,0,0.0,2,2,0,0.0,0.0,0.0,0.0
14137,2018,ALWC,judgeaa01,NYA,AL,1,3,2,2,1,0,1,2,0,0.0,1,1,0,0.0,0.0,0.0,0.0
14139,2018,ALCS,kellyjo05,BOS,AL,3,0,0,0,0,0,0,0,0,0.0,0,0,0,0.0,0.0,0.0,0.0
14140,2018,ALDS1,kellyjo05,BOS,AL,1,0,0,0,0,0,0,0,0,0.0,0,0,0,0.0,0.0,0.0,0.0
14141,2018,WS,kellyjo05,BOS,AL,5,0,0,0,0,0,0,0,0,0.0,0,0,0,0.0,0.0,0.0,0.0
14142,2018,NLCS,kempma01,LAN,NL,7,10,0,2,0,0,0,1,0,0.0,1,3,1,0.0,0.0,0.0,0.0
14143,2018,NLDS2,kempma01,LAN,NL,2,4,0,1,1,0,0,0,0,0.0,0,0,0,0.0,0.0,0.0,1.0
14144,2018,WS,kempma01,LAN,NL,4,9,1,1,0,0,1,2,0,0.0,0,3,0,0.0,0.0,1.0,0.0
14145,2018,ALCS,kempto01,HOU,AL,5,11,1,3,1,0,1,1,0,0.0,3,2,0,0.0,0.0,0.0,0.0
14146,2018,ALDS2,kempto01,HOU,AL,1,3,2,1,0,0,0,0,0,0.0,2,1,0,0.0,0.0,0.0,0.0
14147,2018,NLCS,kershcl01,LAN,NL,3,1,1,0,0,0,0,0,0,0.0,2,0,0,0.0,1.0,0.0,0.0
14148,2018,NLDS2,kershcl01,LAN,NL,1,2,0,0,0,0,0,0,0,0.0,1,2,0,0.0,0.0,0.0,0.0
14149,2018,WS,kershcl01,LAN,NL,3,3,0,0,0,0,0,0,0,0.0,0,0,0,0.0,0.0,0.0,0.0
14150,2018,ALCS,keuchda01,HOU,AL,1,0,0,0,0,0,0,0,0,0.0,0,0,0,0.0,0.0,0.0,0.0
14151,2018,ALDS2,keuchda01,HOU,AL,1,0,0,0,0,0,0,0,0,0.0,0,0,0,0.0,0.0,0.0,0.0
14152,2018,ALCS,kimbrcr01,BOS,AL,3,0,0,0,0,0,0,0,0,0.0,0,0,0,0.0,0.0,0.0,0.0
14153,2018,ALDS1,kimbrcr01,BOS,AL,2,0,0,0,0,0,0,0,0,0.0,0,0,0,0.0,0.0,0.0,0.0
14154,2018,WS,kimbrcr01,BOS,AL,4,0,0,0,0,0,0,0,0,0.0,0,0,0,0.0,0.0,0.0,0.0
14155,2018,ALCS,kinslia01,BOS,AL,4,11,1,2,1,0,0,0,0,0.0,0,4,0,0.0,0.0,0.0,0.0
14156,2018,ALDS1,kinslia01,BOS,AL,4,13,3,4,2,0,0,2,1,0.0,1,7,0,0.0,0.0,0.0,1.0
14157,2018,WS,kinslia01,BOS,AL,3,10,0,1,0,0,0,1,0,0.0,0,3,0,0.0,0.0,0.0,0.0
14168,2018,ALCS,leonsa01,BOS,AL,5,2,1,0,0,0,0,0,0,0.0,0,1,0,0.0,0.0,0.0,0.0
14169,2018,ALDS1,leonsa01,BOS,AL,2,5,0,0,0,0,0,0,0,0.0,0,0,0,0.0,1.0,0.0,0.0
14170,2018,WS,leonsa01,BOS,AL,3,6,0,3,1,0,0,0,0,0.0,1,3,0,0.0,0.0,0.0,0.0
14175,2018,ALDS1,lynnla01,NYA,AL,2,0,0,0,0,0,0,0,0,0.0,0,0,0,0.0,0.0,0.0,0.0
14176,2018,NLCS,machama01,LAN,NL,7,27,5,8,1,0,1,3,1,0.0,2,6,1,1.0,0.0,0.0,3.0
14177,2018,NLDS2,machama01,LAN,NL,4,17,2,3,1,0,2,6,0,0.0,1,7,0,0.0,0.0,0.0,1.0
14178,2018,WS,machama01,LAN,NL,5,22,2,4,0,0,0,3,0,0.0,1,5,1,0.0,0.0,1.0,0.0
14179,2018,NLCS,madsory01,LAN,NL,5,1,0,0,0,0,0,0,0,0.0,0,1,0,0.0,0.0,0.0,0.0
14180,2018,NLDS2,madsory01,LAN,NL,2,0,0,0,0,0,0,0,0,0.0,0,0,0,0.0,0.0,0.0,0.0
14181,2018,WS,madsory01,LAN,NL,4,0,0,0,0,0,0,0,0,0.0,0,0,0,0.0,0.0,0.0,0.0
14182,2018,NLCS,maedake01,LAN,NL,4,0,0,0,0,0,0,0,0,0.0,0,0,0,0.0,0.0,0.0,0.0
14183,2018,NLDS2,maedake01,LAN,NL,1,0,0,0,0,0,0,0,0,0.0,0,0,0,0.0,0.0,0.0,0.0
14184,2018,WS,maedake01,LAN,NL,3,0,0,0,0,0,0,0,0,0.0,0,0,0,0.0,0.0,0.0,0.0
14185,2018,ALCS,maldoma01,HOU,AL,4,11,2,1,1,0,0,0,0,0.0,0,3,0,1.0,0.0,0.0,1.0
14186,2018,ALDS2,maldoma01,HOU,AL,3,8,1,1,0,0,1,1,0,0.0,0,4,0,0.0,1.0,0.0,1.0
14187,2018,ALCS,marisja01,HOU,AL,2,2,0,0,0,0,0,0,1,0.0,0,0,0,0.0,0.0,0.0,0.0
14188,2018,ALDS2,marisja01,HOU,AL,3,1,0,0,0,0,0,0,0,0.0,0,1,0,0.0,0.0,0.0,0.0
14191,2018,ALCS,martijd02,BOS,AL,5,18,3,5,1,0,1,3,0,0.0,4,4,0,0.0,0.0,0.0,1.0
14192,2018,ALDS1,martijd02,BOS,AL,4,14,1,5,0,0,1,6,0,0.0,3,0,0,0.0,0.0,2.0,0.0
14193,2018,WS,martijd02,BOS,AL,5,18,2,5,1,0,1,5,0,1.0,3,7,2,0.0,0.0,0.0,0.0
14195,2018,ALCS,mccanbr01,HOU,AL,3,5,0,0,0,0,0,0,0,0.0,0,1,0,0.0,0.0,0.0,0.0
14196,2018,ALDS2,mccanbr01,HOU,AL,1,3,0,0,0,0,0,0,0,0.0,0,2,0,0.0,0.0,0.0,0.0
14197,2018,ALCS,mcculla02,HOU,AL,3,0,0,0,0,0,0,0,0,0.0,0,0,0,0.0,0.0,0.0,0.0
14198,2018,ALDS2,mcculla02,HOU,AL,2,0,0,0,0,0,0,0,0,0.0,0,0,0,0.0,0.0,0.0,0.0
14199,2018,ALDS1,mccutan01,NYA,AL,4,15,1,2,0,0,0,1,0,0.0,0,3,0,0.0,0.0,0.0,1.0
14200,2018,ALWC,mccutan01,NYA,AL,1,3,1,0,0,0,0,0,0,0.0,1,0,0,0.0,0.0,0.0,0.0
14201,2018,ALCS,mchugco01,HOU,AL,3,0,0,0,0,0,0,0,0,0.0,0,0,0,0.0,0.0,0.0,0.0
14202,2018,ALDS2,mchugco01,HOU,AL,1,0,0,0,0,0,0,0,0,0.0,0,0,0,0.0,0.0,0.0,0.0
14209,2018,ALCS,morelmi01,BOS,AL,5,6,1,3,1,0,0,2,0,0.0,1,1,0,1.0,0.0,0.0,0.0
14210,2018,ALDS1,morelmi01,BOS,AL,2,3,1,1,0,0,0,0,0,0.0,0,1,0,0.0,0.0,0.0,0.0
14211,2018,WS,morelmi01,BOS,AL,4,8,1,1,0,0,1,3,0,0.0,0,4,0,0.0,0.0,0.0,0.0
14212,2018,ALCS,mortoch02,HOU,AL,1,0,0,0,0,0,0,0,0,0.0,0,0,0,0.0,0.0,0.0,0.0
14215,2018,NLCS,muncyma01,LAN,NL,7,22,3,4,0,0,0,1,0,0.0,4,13,0,0.0,0.0,0.0,0.0
14216,2018,NLDS2,muncyma01,LAN,NL,4,11,4,2,0,0,2,4,1,0.0,6,5,0,0.0,0.0,0.0,0.0
14217,2018,WS,muncyma01,LAN,NL,5,17,3,4,1,0,1,1,0,0.0,2,5,0,0.0,0.0,0.0,0.0
14221,2018,ALCS,nunezed02,BOS,AL,2,5,0,1,0,0,0,0,0,0.0,1,0,0,0.0,0.0,0.0,0.0
14222,2018,ALDS1,nunezed02,BOS,AL,3,11,0,2,1,0,0,1,0,0.0,1,2,0,0.0,0.0,0.0,0.0
14223,2018,WS,nunezed02,BOS,AL,3,10,1,3,0,0,1,3,0,0.0,0,3,0,0.0,0.0,0.0,0.0
14229,2018,ALCS,osunaro01,HOU,AL,2,0,0,0,0,0,0,0,0,0.0,0,0,0,0.0,0.0,0.0,0.0
14230,2018,ALDS2,osunaro01,HOU,AL,2,0,0,0,0,0,0,0,0,0.0,0,0,0,0.0,0.0,0.0,0.0
14236,2018,ALCS,pearcst01,BOS,AL,4,14,4,3,1,0,1,1,0,0.0,3,4,0,0.0,0.0,0.0,0.0
14237,2018,ALDS1,pearcst01,BOS,AL,4,12,3,4,0,0,0,2,0,0.0,2,4,0,0.0,0.0,0.0,0.0
14238,2018,WS,pearcst01,BOS,AL,5,12,5,4,1,0,3,8,0,0.0,4,0,0,0.0,0.0,0.0,0.0
14239,2018,NLCS,pederjo01,LAN,NL,7,13,2,3,0,0,0,0,0,0.0,1,4,0,1.0,0.0,0.0,0.0
14240,2018,NLDS2,pederjo01,LAN,NL,4,14,3,4,1,0,1,1,0,0.0,0,4,0,1.0,0.0,0.0,0.0
14241,2018,WS,pederjo01,LAN,NL,5,12,1,1,0,0,1,1,0,0.0,0,5,0,0.0,0.0,0.0,0.0
14248,2018,ALCS,porceri01,BOS,AL,2,0,0,0,0,0,0,0,0,0.0,0,0,0,0.0,0.0,0.0,0.0
14249,2018,ALDS1,porceri01,BOS,AL,2,0,0,0,0,0,0,0,0,0.0,0,0,0,0.0,0.0,0.0,0.0
14250,2018,WS,porceri01,BOS,AL,1,0,0,0,0,0,0,0,0,0.0,0,0,0,0.0,1.0,0.0,0.0
14251,2018,ALCS,pressry01,HOU,AL,3,0,0,0,0,0,0,0,0,0.0,0,0,0,0.0,0.0,0.0,0.0
14252,2018,ALDS2,pressry01,HOU,AL,2,0,0,0,0,0,0,0,0,0.0,0,0,0,0.0,0.0,0.0,0.0
14253,2018,ALCS,priceda01,BOS,AL,2,0,0,0,0,0,0,0,0,0.0,0,0,0,0.0,0.0,0.0,0.0
14254,2018,ALDS1,priceda01,BOS,AL,1,0,0,0,0,0,0,0,0,0.0,0,0,0,0.0,0.0,0.0,0.0
14255,2018,WS,priceda01,BOS,AL,3,3,0,0,0,0,0,0,0,0.0,0,1,0,0.0,0.0,0.0,0.0
14256,2018,NLCS,puigya01,LAN,NL,7,21,1,7,3,0,1,4,0,0.0,1,6,0,0.0,0.0,0.0,2.0
14257,2018,NLDS2,puigya01,LAN,NL,4,9,2,3,0,0,0,0,2,1.0,4,3,1,0.0,0.0,0.0,0.0
14258,2018,WS,puigya01,LAN,NL,5,20,1,5,0,0,1,4,0,0.0,1,1,0,0.0,0.0,0.0,0.0
14260,2018,ALCS,reddijo01,HOU,AL,5,16,2,3,1,0,1,2,0,0.0,2,4,0,0.0,0.0,0.0,0.0
14261,2018,ALDS2,reddijo01,HOU,AL,3,10,0,4,0,0,0,2,0,0.0,0,1,0,0.0,0.0,0.0,1.0
14263,2018,ALDS1,roberda08,NYA,AL,2,0,0,0,0,0,0,0,0,0.0,0,0,0,0.0,0.0,0.0,0.0
14264,2018,ALWC,roberda08,NYA,AL,1,0,0,0,0,0,0,0,0,0.0,0,0,0,0.0,0.0,0.0,0.0
14266,2018,ALCS,rodried05,BOS,AL,2,0,0,0,0,0,0,0,0,0.0,0,0,0,0.0,0.0,0.0,0.0
14267,2018,ALDS1,rodried05,BOS,AL,2,0,0,0,0,0,0,0,0,0.0,0,0,0,0.0,0.0,0.0,0.0
14268,2018,WS,rodried05,BOS,AL,3,1,0,0,0,0,0,0,0,0.0,0,1,0,1.0,0.0,0.0,0.0
14269,2018,ALDS1,rominau01,NYA,AL,1,0,0,0,0,0,0,0,0,0.0,0,0,0,0.0,0.0,0.0,0.0
14270,2018,ALCS,rondohe01,HOU,AL,2,0,0,0,0,0,0,0,0,0.0,0,0,0,0.0,0.0,0.0,0.0
14274,2018,NLCS,ryuhy01,LAN,NL,2,2,0,1,0,0,0,0,0,0.0,0,0,0,0.0,0.0,0.0,0.0
14275,2018,NLDS2,ryuhy01,LAN,NL,1,3,0,1,0,0,0,0,0,0.0,0,0,0,0.0,0.0,0.0,0.0
14276,2018,WS,ryuhy01,LAN,NL,1,0,0,0,0,0,0,0,0,0.0,0,0,0,0.0,0.0,0.0,0.0
14277,2018,ALDS1,sabatcc01,NYA,AL,1,0,0,0,0,0,0,0,0,0.0,0,0,0,0.0,0.0,0.0,0.0
14278,2018,ALCS,salech01,BOS,AL,1,0,0,0,0,0,0,0,0,0.0,0,0,0,0.0,0.0,0.0,0.0
14279,2018,ALDS1,salech01,BOS,AL,2,0,0,0,0,0,0,0,0,0.0,0,0,0,0.0,0.0,0.0,0.0
14280,2018,WS,salech01,BOS,AL,2,0,0,0,0,0,0,0,0,0.0,0,0,0,0.0,0.0,0.0,0.0
14282,2018,ALDS1,sanchga02,NYA,AL,4,15,3,3,1,0,2,5,0,0.0,1,5,0,0.0,0.0,1.0,0.0
14283,2018,ALWC,sanchga02,NYA,AL,1,3,0,0,0,0,0,0,0,0.0,0,0,0,0.0,0.0,0.0,1.0
14291,2018,ALDS1,severlu01,NYA,AL,1,0,0,0,0,0,0,0,0,0.0,0,0,0,0.0,0.0,0.0,0.0
14292,2018,ALWC,severlu01,NYA,AL,1,0,0,0,0,0,0,0,0,0.0,0,0,0,0.0,0.0,0.0,0.0
14295,2018,ALCS,sippto01,HOU,AL,3,0,0,0,0,0,0,0,0,0.0,0,0,0,0.0,0.0,0.0,0.0
14296,2018,ALCS,smithjo05,HOU,AL,1,0,0,0,0,0,0,0,0,0.0,0,0,0,0.0,0.0,0.0,0.0
14300,2018,ALCS,springe01,HOU,AL,5,21,2,8,3,0,1,5,1,0.0,3,5,0,0.0,0.0,0.0,0.0
14301,2018,ALDS2,springe01,HOU,AL,3,14,4,6,0,0,3,3,0,0.0,0,2,0,0.0,0.0,0.0,0.0
14302,2018,ALDS1,stantmi03,NYA,AL,4,18,2,4,0,0,0,0,0,0.0,0,6,0,0.0,0.0,0.0,1.0
14303,2018,ALWC,stantmi03,NYA,AL,1,3,2,1,0,0,1,1,1,0.0,1,1,0,0.0,0.0,0.0,0.0
14306,2018,ALDS2,strawmy01,HOU,AL,2,0,1,0,0,0,0,0,1,0.0,0,0,0,0.0,0.0,0.0,0.0
14309,2018,ALDS1,swihabl01,BOS,AL,1,1,0,0,0,0,0,0,0,0.0,0,1,0,0.0,0.0,0.0,0.0
14310,2018,WS,swihabl01,BOS,AL,2,2,0,0,0,0,0,0,0,0.0,0,0,0,0.0,0.0,0.0,0.0
14311,2018,ALDS1,tanakma01,NYA,AL,1,0,0,0,0,0,0,0,0,0.0,0,0,0,0.0,0.0,0.0,0.0
14312,2018,ALDS1,tarplst01,NYA,AL,1,0,0,0,0,0,0,0,0,0.0,0,0,0,0.0,0.0,0.0,0.0
14313,2018,NLCS,tayloch03,LAN,NL,7,22,4,8,1,1,0,1,1,0.0,4,7,0,0.0,0.0,0.0,0.0
14314,2018,NLDS2,tayloch03,LAN,NL,3,3,2,1,0,0,1,2,0,0.0,1,0,0,0.0,0.0,0.0,0.0
14315,2018,WS,tayloch03,LAN,NL,5,14,0,2,0,0,0,0,0,0.0,4,6,0,0.0,0.0,0.0,0.0
14317,2018,ALDS1,torregl01,NYA,AL,4,13,1,4,0,0,0,0,0,0.0,2,2,0,0.0,0.0,0.0,0.0
14318,2018,ALWC,torregl01,NYA,AL,1,3,0,0,0,0,0,0,0,0.0,0,1,0,0.0,0.0,0.0,0.0
14322,2018,NLCS,turneju01,LAN,NL,7,29,2,7,0,0,1,3,0,0.0,1,7,0,1.0,0.0,0.0,1.0
14323,2018,NLDS2,turneju01,LAN,NL,4,14,2,5,1,0,0,1,1,0.0,4,0,0,0.0,0.0,0.0,0.0
14324,2018,WS,turneju01,LAN,NL,5,24,2,8,2,0,0,0,0,0.0,2,6,0,0.0,0.0,0.0,0.0
14325,2018,NLCS,uriasju01,LAN,NL,4,0,0,0,0,0,0,0,0,0.0,0,0,0,0.0,0.0,0.0,0.0
14326,2018,WS,uriasju01,LAN,NL,3,0,0,0,0,0,0,0,0,0.0,0,0,0,0.0,0.0,0.0,0.0
14328,2018,ALCS,vazquch01,BOS,AL,5,13,1,2,1,0,0,0,0,0.0,0,3,0,0.0,0.0,0.0,0.0
14329,2018,ALDS1,vazquch01,BOS,AL,3,9,2,3,0,0,1,2,0,0.0,1,2,0,0.0,0.0,0.0,0.0
14330,2018,WS,vazquch01,BOS,AL,4,15,1,3,0,0,0,0,0,0.0,0,3,0,0.0,0.0,0.0,0.0
14332,2018,ALCS,verlaju01,HOU,AL,2,0,0,0,0,0,0,0,0,0.0,0,0,0,0.0,0.0,0.0,0.0
14333,2018,ALDS2,verlaju01,HOU,AL,1,0,0,0,0,0,0,0,0,0.0,0,0,0,0.0,0.0,0.0,0.0
14335,2018,ALDS1,voitlu01,NYA,AL,4,13,1,3,0,0,0,2,0,0.0,4,4,0,0.0,0.0,0.0,0.0
14336,2018,ALWC,voitlu01,NYA,AL,1,4,1,1,0,1,0,2,0,0.0,0,2,0,0.0,0.0,0.0,0.0
14337,2018,ALDS1,walkene01,NYA,AL,3,4,0,1,0,0,0,1,0,0.0,0,2,0,1.0,0.0,0.0,0.0
14338,2018,ALWC,walkene01,NYA,AL,1,0,0,0,0,0,0,0,0,0.0,0,0,0,0.0,0.0,0.0,0.0
14339,2018,ALCS,whitety01,HOU,AL,5,7,0,0,0,0,0,0,0,0.0,1,5,0,1.0,0.0,0.0,0.0
14340,2018,ALDS2,whitety01,HOU,AL,3,6,0,3,1,0,0,0,0,0.0,2,2,2,1.0,0.0,0.0,0.0
14344,2018,NLCS,woodal02,LAN,NL,4,0,0,0,0,0,0,0,0,0.0,0,0,0,0.0,0.0,0.0,0.0
14345,2018,NLDS2,woodal02,LAN,NL,2,0,0,0,0,0,0,0,0,0.0,0,0,0,0.0,0.0,0.0,0.0
14346,2018,WS,woodal02,LAN,NL,3,0,0,0,0,0,0,0,0,0.0,0,0,0,0.0,0.0,0.0,0.0
14349,2018,ALCS,workmbr01,BOS,AL,1,0,0,0,0,0,0,0,0,0.0,0,0,0,0.0,0.0,0.0,0.0
14350,2018,ALDS1,workmbr01,BOS,AL,2,0,0,0,0,0,0,0,0,0.0,0,0,0,0.0,0.0,0.0,0.0
14354,2019,ALCS,abreubr01,HOU,AL,1,0,0,0,0,0,0,0,0,0.0,0,0,0,0.0,0.0,0.0,0.0
14362,2019,ALCS,altuvjo01,HOU,AL,6,23,6,8,1,0,2,3,1,0.0,4,1,0,0.0,0.0,0.0,0.0
14363,2019,ALDS1,altuvjo01,HOU,AL,5,20,4,7,2,0,3,5,0,0.0,1,3,0,0.0,0.0,0.0,1.0
14364,2019,WS,altuvjo01,HOU,AL,7,33,4,10,3,0,0,1,1,1.0,0,3,0,0.0,0.0,1.0,3.0
14365,2019,ALCS,alvaryo01,HOU,AL,6,22,1,1,0,0,0,0,0,0.0,2,12,0,0.0,0.0,0.0,0.0
14366,2019,ALDS1,alvaryo01,HOU,AL,5,19,2,6,3,0,0,1,0,0.0,1,7,0,0.0,0.0,0.0,0.0
14367,2019,WS,alvaryo01,HOU,AL,7,17,2,7,0,0,1,2,0,0.0,4,2,1,0.0,0.0,0.0,0.0
14376,2019,NLDS1,baezpe01,LAN,NL,2,0,0,0,0,0,0,0,0,0.0,0,0,0,0.0,0.0,0.0,0.0
14377,2019,NLDS1,beatyma01,LAN,NL,4,8,1,3,0,0,0,0,0,0.0,0,1,0,0.0,0.0,0.0,0.0
14378,2019,NLDS1,bellico01,LAN,NL,5,19,2,4,1,0,0,0,3,0.0,2,7,0,0.0,0.0,0.0,0.0
14380,2019,ALCS,brantmi02,HOU,AL,6,23,1,7,0,0,0,1,0,0.0,4,4,0,0.0,0.0,0.0,1.0
14381,2019,ALDS1,brantmi02,HOU,AL,5,19,3,4,0,0,1,1,0,0.0,1,5,0,0.0,0.0,0.0,0.0
14382,2019,WS,brantmi02,HOU,AL,7,28,3,9,0,0,0,2,1,0.0,4,3,2,0.0,0.0,0.0,0.0
14386,2019,ALCS,bregmal01,HOU,AL,6,18,4,3,1,0,0,1,0,0.0,7,2,1,1.0,0.0,0.0,1.0
14387,2019,ALDS1,bregmal01,HOU,AL,5,17,6,6,2,0,1,3,1,0.0,3,6,0,0.0,0.0,0.0,0.0
14388,2019,WS,bregmal01,HOU,AL,7,29,3,6,0,0,3,8,0,0.0,2,5,0,0.0,0.0,0.0,0.0
14389,2019,ALCS,brittza01,NYA,AL,5,0,0,0,0,0,0,0,0,0.0,0,0,0,0.0,0.0,0.0,0.0
14390,2019,ALDS2,brittza01,NYA,AL,2,0,0,0,0,0,0,0,0,0.0,0,0,0,0.0,0.0,0.0,0.0
14393,2019,NLDS1,buehlwa01,LAN,NL,2,4,0,0,0,0,0,0,0,0.0,0,2,0,0.0,0.0,0.0,0.0
14407,2019,ALCS,cessalu01,NYA,AL,2,0,0,0,0,0,0,0,0,0.0,0,0,0,0.0,0.0,0.0,0.0
14408,2019,ALCS,chapmar01,NYA,AL,3,0,0,0,0,0,0,0,0,0.0,0,0,0,0.0,0.0,0.0,0.0
14409,2019,ALDS2,chapmar01,NYA,AL,2,0,0,0,0,0,0,0,0,0.0,0,0,0,0.0,0.0,0.0,0.0
14411,2019,ALCS,chiriro01,HOU,AL,4,13,1,0,0,0,0,0,0,0.0,1,6,0,1.0,0.0,0.0,1.0
14412,2019,ALDS1,chiriro01,HOU,AL,4,9,1,2,0,0,1,1,0,0.0,2,4,0,0.0,0.0,0.0,0.0
14413,2019,WS,chiriro01,HOU,AL,6,19,2,4,1,0,2,3,0,0.0,0,7,0,0.0,0.0,0.0,1.0
14416,2019,ALCS,colege01,HOU,AL,1,0,0,0,0,0,0,0,0,0.0,0,0,0,0.0,0.0,0.0,0.0
14417,2019,ALDS1,colege01,HOU,AL,2,0,0,0,0,0,0,0,0,0.0,0,0,0,0.0,0.0,0.0,0.0
14418,2019,WS,colege01,HOU,AL,2,3,0,0,0,0,0,0,0,0.0,0,1,0,0.0,0.0,0.0,0.0
14422,2019,ALCS,correca01,HOU,AL,6,22,2,4,1,0,2,5,1,0.0,3,9,0,0.0,0.0,0.0,0.0
14423,2019,ALDS1,correca01,HOU,AL,5,19,0,3,1,0,0,1,0,0.0,0,9,0,0.0,0.0,0.0,0.0
14424,2019,WS,correca01,HOU,AL,7,27,3,6,2,0,1,3,0,0.0,3,9,0,0.0,0.0,0.0,1.0
14432,2019,WS,devench02,HOU,AL,3,0,0,0,0,0,0,0,0,0.0,0,0,0,0.0,0.0,0.0,0.0
14433,2019,ALCS,diazal02,HOU,AL,5,4,0,0,0,0,0,0,0,0.0,1,0,0,0.0,0.0,0.0,0.0
14434,2019,ALDS1,diazal02,HOU,AL,2,3,0,0,0,0,0,0,0,0.0,0,2,0,0.0,0.0,0.0,0.0
14435,2019,WS,diazal02,HOU,AL,1,2,0,0,0,0,0,0,0,0.0,0,0,0,0.0,0.0,0.0,0.0
14459,2019,ALCS,encared01,NYA,AL,5,18,0,1,1,0,0,0,0,0.0,4,11,0,0.0,0.0,0.0,0.0
14460,2019,ALDS2,encared01,NYA,AL,3,13,2,4,2,0,0,2,0,0.0,1,2,0,0.0,0.0,0.0,0.0
14468,2019,NLDS1,freesda01,LAN,NL,4,8,2,4,1,0,0,0,0,0.0,0,3,0,0.0,0.0,0.0,0.0
14475,2019,ALCS,gardnbr01,NYA,AL,6,22,1,3,0,0,0,1,0,0.0,2,10,0,0.0,0.0,0.0,0.0
14476,2019,ALDS2,gardnbr01,NYA,AL,3,12,3,3,0,0,1,3,0,0.0,1,5,0,1.0,0.0,0.0,0.0
14486,2019,ALCS,gourryu01,HOU,AL,6,24,1,3,0,0,1,4,0,0.0,1,0,0,0.0,0.0,1.0,0.0
14487,2019,ALDS1,gourryu01,HOU,AL,5,19,1,6,1,0,0,4,1,0.0,1,0,0,0.0,0.0,0.0,0.0
14488,2019,WS,gourryu01,HOU,AL,7,29,3,9,2,0,1,5,0,0.0,2,5,0,0.0,0.0,0.0,0.0
14491,2019,ALCS,greench03,NYA,AL,4,0,0,0,0,0,0,0,0,0.0,0,0,0,0.0,0.0,0.0,0.0
14492,2019,ALDS2,greench03,NYA,AL,2,0,0,0,0,0,0,0,0,0.0,0,0,0,0.0,0.0,0.0,0.0
14494,2019,ALCS,gregodi01,NYA,AL,6,23,2,5,1,0,0,0,0,0.0,0,3,0,0.0,0.0,0.0,0.0
14495,2019,ALDS2,gregodi01,NYA,AL,3,10,2,4,0,0,1,6,0,0.0,2,3,0,0.0,0.0,0.0,0.0
14496,2019,ALCS,greinza01,HOU,AL,2,0,0,0,0,0,0,0,0,0.0,0,0,0,0.0,0.0,0.0,0.0
14497,2019,ALDS1,greinza01,HOU,AL,1,0,0,0,0,0,0,0,0,0.0,0,0,0,0.0,0.0,0.0,0.0
14498,2019,WS,greinza01,HOU,AL,2,1,0,0,0,0,0,0,0,0.0,0,1,0,0.0,1.0,0.0,0.0
14504,2019,ALCS,happja01,NYA,AL,2,0,0,0,0,0,0,0,0,0.0,0,0,0,0.0,0.0,0.0,0.0
14505,2019,ALDS2,happja01,NYA,AL,1,0,0,0,0,0,0,0,0,0.0,0,0,0,0.0,0.0,0.0,0.0
14506,2019,ALCS,harriwi02,HOU,AL,4,0,0,0,0,0,0,0,0,0.0,0,0,0,0.0,0.0,0.0,0.0
14507,2019,ALDS1,harriwi02,HOU,AL,3,0,0,0,0,0,0,0,0,0.0,0,0,0,0.0,0.0,0.0,0.0
14508,2019,WS,harriwi02,HOU,AL,5,0,0,0,0,0,0,0,0,0.0,0,0,0,0.0,0.0,0.0,0.0
14513,2019,NLDS1,hernaen02,LAN,NL,3,7,2,3,1,0,1,3,0,0.0,1,2,0,0.0,0.0,0.0,0.0
14514,2019,ALCS,hicksaa01,NYA,AL,5,13,1,2,0,0,1,3,1,0.0,4,5,0,0.0,0.0,0.0,0.0
14515,2019,NLDS1,hillri01,LAN,NL,1,1,0,0,0,0,0,0,0,0.0,0,1,0,0.0,0.0,0.0,0.0
14524,2019,ALCS,jamesjo02,HOU,AL,4,0,0,0,0,0,0,0,0,0.0,0,0,0,0.0,0.0,0.0,0.0
14525,2019,ALDS1,jamesjo02,HOU,AL,2,0,0,0,0,0,0,0,0,0.0,0,0,0,0.0,0.0,0.0,0.0
14526,2019,WS,jamesjo02,HOU,AL,3,0,0,0,0,0,0,0,0,0.0,0,0,0,0.0,0.0,0.0,0.0
14527,2019,NLDS1,janseke01,LAN,NL,2,0,0,0,0,0,0,0,0,0.0,0,0,0,0.0,0.0,0.0,0.0
14529,2019,ALCS,judgeaa01,NYA,AL,6,25,3,6,0,0,1,2,2,0.0,3,10,0,0.0,0.0,0.0,0.0
14530,2019,ALDS2,judgeaa01,NYA,AL,3,9,3,3,0,0,0,0,0,0.0,4,1,0,0.0,0.0,0.0,0.0
14531,2019,ALCS,kahnlto01,NYA,AL,5,0,0,0,0,0,0,0,0,0.0,0,0,0,0.0,0.0,0.0,0.0
14532,2019,ALDS2,kahnlto01,NYA,AL,3,0,0,0,0,0,0,0,0,0.0,0,0,0,0.0,0.0,0.0,0.0
14533,2019,NLDS1,kellyjo05,LAN,NL,3,0,0,0,0,0,0,0,0,0.0,0,0,0,0.0,0.0,0.0,0.0
14539,2019,NLDS1,kershcl01,LAN,NL,2,1,0,0,0,0,0,0,0,0.0,0,0,0,0.0,0.0,0.0,0.0
14543,2019,NLDS1,kolarad01,LAN,NL,3,0,0,0,0,0,0,0,0,0.0,0,0,0,0.0,0.0,0.0,0.0
14545,2019,ALCS,lemahdj01,NYA,AL,6,26,6,9,1,0,2,3,0,0.0,3,2,0,0.0,0.0,0.0,0.0
14546,2019,ALDS2,lemahdj01,NYA,AL,3,14,4,4,2,0,1,4,0,0.0,1,4,0,0.0,0.0,0.0,0.0
14548,2019,ALCS,loaisjo01,NYA,AL,3,0,0,0,0,0,0,0,0,0.0,0,0,0,0.0,0.0,0.0,0.0
14549,2019,ALDS2,loaisjo01,NYA,AL,1,0,0,0,0,0,0,0,0,0.0,0,0,0,0.0,0.0,0.0,0.0
14552,2019,NLDS1,luxga01,LAN,NL,4,9,1,2,0,0,1,1,0,0.0,1,6,0,0.0,0.0,0.0,0.0
14554,2019,ALCS,lyonsty01,NYA,AL,1,0,0,0,0,0,0,0,0,0.0,0,0,0,0.0,0.0,0.0,0.0
14555,2019,ALDS2,lyonsty01,NYA,AL,1,0,0,0,0,0,0,0,0,0.0,0,0,0,0.0,0.0,0.0,0.0
14556,2019,NLDS1,maedake01,LAN,NL,4,0,0,0,0,0,0,0,0,0.0,0,0,0,0.0,0.0,0.0,0.0
14557,2019,ALCS,maldoma01,HOU,AL,2,8,0,2,1,0,0,0,0,0.0,0,4,0,0.0,0.0,0.0,0.0
14558,2019,ALDS1,maldoma01,HOU,AL,2,5,0,2,0,0,0,1,0,0.0,0,1,0,0.0,0.0,0.0,0.0
14559,2019,WS,maldoma01,HOU,AL,3,7,2,2,0,0,1,1,0,0.0,1,1,0,0.0,0.0,0.0,0.0
14561,2019,ALCS,marisja01,HOU,AL,5,3,0,1,0,0,0,0,0,0.0,0,2,0,0.0,0.0,0.0,0.0
14562,2019,ALDS1,marisja01,HOU,AL,4,0,0,0,0,0,0,0,0,0.0,0,0,0,0.0,0.0,0.0,0.0
14563,2019,WS,marisja01,HOU,AL,5,8,0,3,0,0,0,0,1,0.0,1,3,0,0.0,0.0,0.0,0.0
14570,2019,NLDS1,martiru01,LAN,NL,1,4,2,2,1,0,1,4,0,0.0,1,2,0,0.0,0.0,0.0,0.0
14571,2019,ALCS,maybica01,NYA,AL,2,3,0,1,0,0,0,0,0,0.0,1,2,0,0.0,0.0,0.0,0.0
14572,2019,ALDS2,maybica01,NYA,AL,3,3,2,1,0,0,1,1,2,0.0,0,2,0,0.0,0.0,0.0,0.0
14573,2019,NLDS1,maydu01,LAN,NL,2,0,0,0,0,0,0,0,0,0.0,0,0,0,0.0,0.0,0.0,0.0
14582,2019,ALDS1,mileywa01,HOU,AL,1,0,0,0,0,0,0,0,0,0.0,0,0,0,0.0,0.0,0.0,0.0
14590,2019,NLDS1,muncyma01,LAN,NL,5,19,4,5,0,0,3,7,1,0.0,4,2,2,0.0,0.0,0.0,0.0
14598,2019,ALCS,osunaro01,HOU,AL,4,0,0,0,0,0,0,0,0,0.0,0,0,0,0.0,0.0,0.0,0.0
14599,2019,ALDS1,osunaro01,HOU,AL,3,0,0,0,0,0,0,0,0,0.0,0,0,0,0.0,0.0,0.0,0.0
14600,2019,WS,osunaro01,HOU,AL,2,0,0,0,0,0,0,0,0,0.0,0,0,0,0.0,0.0,0.0,0.0
14601,2019,ALCS,ottavad01,NYA,AL,5,0,0,0,0,0,0,0,0,0.0,0,0,0,0.0,0.0,0.0,0.0
14602,2019,ALDS2,ottavad01,NYA,AL,3,0,0,0,0,0,0,0,0,0.0,0,0,0,0.0,0.0,0.0,0.0
14610,2019,ALCS,paxtoja01,NYA,AL,2,0,0,0,0,0,0,0,0,0.0,0,0,0,0.0,0.0,0.0,0.0
14611,2019,ALDS2,paxtoja01,NYA,AL,1,0,0,0,0,0,0,0,0,0.0,0,0,0,0.0,0.0,0.0,0.0
14612,2019,ALCS,peacobr01,HOU,AL,2,0,0,0,0,0,0,0,0,0.0,0,0,0,0.0,0.0,0.0,0.0
14613,2019,WS,peacobr01,HOU,AL,3,0,0,0,0,0,0,0,0,0.0,0,0,0,0.0,0.0,0.0,0.0
14614,2019,NLDS1,pederjo01,LAN,NL,5,15,3,4,2,0,1,1,0,0.0,2,5,0,0.0,0.0,0.0,0.0
14621,2019,NLDS1,polloaj01,LAN,NL,5,13,1,0,0,0,0,0,0,0.0,1,11,0,0.0,0.0,0.0,0.0
14624,2019,ALCS,pressry01,HOU,AL,4,0,0,0,0,0,0,0,0,0.0,0,0,0,0.0,0.0,0.0,0.0
14625,2019,ALDS1,pressry01,HOU,AL,2,0,0,0,0,0,0,0,0,0.0,0,0,0,0.0,0.0,0.0,0.0
14626,2019,WS,pressry01,HOU,AL,4,0,0,0,0,0,0,0,0,0.0,0,0,0,0.0,0.0,0.0,0.0
14631,2019,ALCS,reddijo01,HOU,AL,5,12,2,2,0,0,1,1,0,0.0,0,2,0,0.0,0.0,0.0,0.0
14632,2019,ALDS1,reddijo01,HOU,AL,4,10,1,1,0,0,0,0,0,0.0,1,5,0,0.0,0.0,0.0,1.0
14633,2019,WS,reddijo01,HOU,AL,5,14,0,3,0,0,0,1,0,0.0,1,2,0,0.0,0.0,0.0,0.0
14648,2019,ALCS,rondohe01,HOU,AL,1,0,0,0,0,0,0,0,0,0.0,0,0,0,0.0,0.0,0.0,0.0
14649,2019,ALDS1,rondohe01,HOU,AL,1,0,0,0,0,0,0,0,0,0.0,0,0,0,0.0,0.0,0.0,0.0
14650,2019,WS,rondohe01,HOU,AL,2,0,0,0,0,0,0,0,0,0.0,0,0,0,0.0,0.0,0.0,0.0
14653,2019,NLDS1,ryuhy01,LAN,NL,1,2,0,0,0,0,0,0,0,0.0,0,2,0,0.0,0.0,0.0,0.0
14654,2019,ALCS,sabatcc01,NYA,AL,2,0,0,0,0,0,0,0,0,0.0,0,0,0,0.0,0.0,0.0,0.0
14658,2019,ALCS,sanchga02,NYA,AL,6,23,1,3,0,0,1,3,0,0.0,1,12,0,0.0,0.0,0.0,1.0
14659,2019,ALDS2,sanchga02,NYA,AL,3,8,1,1,0,0,0,0,0,0.0,3,4,0,1.0,0.0,0.0,0.0
14666,2019,NLDS1,seageco01,LAN,NL,5,20,0,3,1,0,0,0,0,0.0,1,8,0,0.0,0.0,0.0,1.0
14668,2019,ALCS,severlu01,NYA,AL,1,0,0,0,0,0,0,0,0,0.0,0,0,0,0.0,0.0,0.0,0.0
14669,2019,ALDS2,severlu01,NYA,AL,1,0,0,0,0,0,0,0,0,0.0,0,0,0,0.0,0.0,0.0,0.0
14672,2019,ALCS,smithjo05,HOU,AL,4,0,0,0,0,0,0,0,0,0.0,0,0,0,0.0,0.0,0.0,0.0
14673,2019,ALDS1,smithjo05,HOU,AL,2,0,0,0,0,0,0,0,0,0.0,0,0,0,0.0,0.0,0.0,0.0
14674,2019,WS,smithjo05,HOU,AL,4,0,0,0,0,0,0,0,0,0.0,0,0,0,0.0,0.0,0.0,0.0
14675,2019,NLDS1,smithwi05,LAN,NL,4,13,0,1,0,0,0,0,0,0.0,3,5,1,0.0,0.0,0.0,0.0
14684,2019,ALCS,springe01,HOU,AL,6,25,4,4,0,0,2,4,0,0.0,4,10,0,0.0,0.0,0.0,1.0
14685,2019,ALDS1,springe01,HOU,AL,5,21,1,3,0,0,0,0,1,0.0,1,5,0,0.0,0.0,0.0,0.0
14686,2019,WS,springe01,HOU,AL,7,27,6,8,4,0,2,4,2,0.0,7,5,0,0.0,0.0,0.0,0.0
14687,2019,ALCS,stantmi03,NYA,AL,2,7,1,2,0,0,1,1,0,0.0,0,3,0,0.0,0.0,0.0,0.0
14688,2019,ALDS2,stantmi03,NYA,AL,3,6,0,1,0,0,0,1,0,0.0,4,2,0,0.0,0.0,1.0,1.0
14696,2019,NLDS1,stripro01,LAN,NL,1,0,0,0,0,0,0,0,0,0.0,0,0,0,0.0,0.0,0.0,0.0
14705,2019,ALCS,tanakma01,NYA,AL,2,0,0,0,0,0,0,0,0,0.0,0,0,0,0.0,0.0,0.0,0.0
14706,2019,ALDS2,tanakma01,NYA,AL,1,0,0,0,0,0,0,0,0,0.0,0,0,0,0.0,0.0,0.0,0.0
14707,2019,NLDS1,tayloch03,LAN,NL,5,8,1,1,0,0,0,0,0,0.0,3,4,0,0.0,0.0,0.0,0.0
14715,2019,ALCS,torregl01,NYA,AL,6,25,3,7,2,0,2,6,0,0.0,2,4,0,0.0,0.0,0.0,0.0
14716,2019,ALDS2,torregl01,NYA,AL,3,12,5,5,3,0,1,4,2,0.0,1,2,0,0.0,0.0,0.0,2.0
14717,2019,ALCS,tuckeky01,HOU,AL,2,4,0,1,0,0,0,0,0,0.0,0,2,0,0.0,0.0,0.0,0.0
14718,2019,ALDS1,tuckeky01,HOU,AL,2,4,0,0,0,0,0,0,0,0.0,1,2,0,0.0,0.0,0.0,0.0
14719,2019,WS,tuckeky01,HOU,AL,5,4,2,1,0,0,0,0,1,0.0,2,3,0,0.0,0.0,0.0,0.0
14720,2019,NLDS1,turneju01,LAN,NL,5,21,3,6,2,0,2,5,1,0.0,1,2,0,1.0,0.0,1.0,0.0
14725,2019,NLDS1,uriasju01,LAN,NL,3,1,0,0,0,0,0,0,0,0.0,0,1,0,0.0,0.0,0.0,0.0
14726,2019,ALCS,urquijo01,HOU,AL,1,0,0,0,0,0,0,0,0,0.0,0,0,0,0.0,0.0,0.0,0.0
14727,2019,ALDS1,urquijo01,HOU,AL,1,0,0,0,0,0,0,0,0,0.0,0,0,0,0.0,0.0,0.0,0.0
14728,2019,WS,urquijo01,HOU,AL,2,2,0,0,0,0,0,0,0,0.0,0,1,0,0.0,0.0,0.0,0.0
14729,2019,ALCS,urshegi01,NYA,AL,6,21,3,5,0,0,2,2,0,0.0,2,2,0,0.0,0.0,0.0,0.0
14730,2019,ALDS2,urshegi01,NYA,AL,3,12,1,3,1,0,0,0,0,0.0,0,2,0,0.0,0.0,0.0,1.0
14731,2019,ALCS,verlaju01,HOU,AL,2,0,0,0,0,0,0,0,0,0.0,0,0,0,0.0,0.0,0.0,0.0
14732,2019,ALDS1,verlaju01,HOU,AL,2,0,0,0,0,0,0,0,0,0.0,0,0,0,0.0,0.0,0.0,0.0
14733,2019,WS,verlaju01,HOU,AL,2,0,0,0,0,0,0,0,0,0.0,0,0,0,0.0,0.0,0.0,0.0
